estimator,target_kind,metric,class_id,value
mean,operational,err_abs_noJ,123,1.771150453391875
mean,operational,err_abs_noJ,206,1.818020629069076
mean,operational,err_abs_noJ,325,1.7725843116603432
mean,operational,err_abs_noJ,408,1.7981259952737918
mean,operational,err_abs_noJ,569,1.8365783410722687
mean,operational,err_abs_noJ,701,1.8508286623112225
mean,operational,err_abs_noJ,789,1.844044456334067
mean,operational,err_abs_noJ,887,1.8577227187489234
mean,operational,err_abs_scalar,123,0.33572039256522973
mean,operational,err_abs_scalar,206,0.502537617687644
mean,operational,err_abs_scalar,325,0.40876724906810136
mean,operational,err_abs_scalar,408,0.4473033995524158
mean,operational,err_abs_scalar,569,0.40654340455746857
mean,operational,err_abs_scalar,701,0.5065345397102836
mean,operational,err_abs_scalar,789,0.5104092849999536
mean,operational,err_abs_scalar,887,0.38343859941013253
mean,operational,err_abs_full,123,0.5218476947709156
mean,operational,err_abs_full,206,0.6589113989290614
mean,operational,err_abs_full,325,0.359054874260059
mean,operational,err_abs_full,408,0.38301519303934045
mean,operational,err_abs_full,569,0.40974055505622137
mean,operational,err_abs_full,701,0.4513625617125716
mean,operational,err_abs_full,789,0.4803836298880477
mean,operational,err_abs_full,887,0.3189948284475905
mean,operational,err_sq_noJ,123,8.851814351487898
mean,operational,err_sq_noJ,206,9.177806511613504
mean,operational,err_sq_noJ,325,8.781612847757174
mean,operational,err_sq_noJ,408,8.971285378354464
mean,operational,err_sq_noJ,569,9.532051828877227
mean,operational,err_sq_noJ,701,9.464619325226492
mean,operational,err_sq_noJ,789,9.3973202493327
mean,operational,err_sq_noJ,887,9.804729634336557
mean,operational,err_sq_scalar,123,0.5027703425831717
mean,operational,err_sq_scalar,206,1.11404664219473
mean,operational,err_sq_scalar,325,0.78109671883654
mean,operational,err_sq_scalar,408,0.9330282176140141
mean,operational,err_sq_scalar,569,0.7818750016207793
mean,operational,err_sq_scalar,701,1.1060172549934457
mean,operational,err_sq_scalar,789,1.2135408290244458
mean,operational,err_sq_scalar,887,0.71203011837516
mean,operational,err_sq_full,123,2.494541776356886
mean,operational,err_sq_full,206,3.2214702367291643
mean,operational,err_sq_full,325,0.7279166565266975
mean,operational,err_sq_full,408,0.8178087870440153
mean,operational,err_sq_full,569,1.0670702396764165
mean,operational,err_sq_full,701,1.126266055907032
mean,operational,err_sq_full,789,1.3239833395357328
mean,operational,err_sq_full,887,0.6035295693009263
mean,operational,err_rel_noJ,123,0.3149911146446346
mean,operational,err_rel_noJ,206,0.3111447052016012
mean,operational,err_rel_noJ,325,0.3044766980261342
mean,operational,err_rel_noJ,408,0.32235383777322696
mean,operational,err_rel_noJ,569,0.3206668544995284
mean,operational,err_rel_noJ,701,0.31235410510122
mean,operational,err_rel_noJ,789,0.31763042347675047
mean,operational,err_rel_noJ,887,0.30854362759695664
mean,operational,err_rel_scalar,123,0.0630872415090306
mean,operational,err_rel_scalar,206,0.09778212716750041
mean,operational,err_rel_scalar,325,0.0760408189509348
mean,operational,err_rel_scalar,408,0.0868354321950303
mean,operational,err_rel_scalar,569,0.07628961147200904
mean,operational,err_rel_scalar,701,0.09313345357211672
mean,operational,err_rel_scalar,789,0.08589079138473522
mean,operational,err_rel_scalar,887,0.06896385422710376
mean,operational,err_rel_full,123,0.03609889192844885
mean,operational,err_rel_full,206,0.050292351381222684
mean,operational,err_rel_full,325,0.022985569964280944
mean,operational,err_rel_full,408,0.028458587312029073
mean,operational,err_rel_full,569,0.02681080204530868
mean,operational,err_rel_full,701,0.029798393232718587
mean,operational,err_rel_full,789,0.029930406540810545
mean,operational,err_rel_full,887,0.019618981140087796
mean,operational,abs_full_minus_scalar,123,0.18612730220568588
mean,operational,abs_full_minus_scalar,206,0.1563737812414173
mean,operational,abs_full_minus_scalar,325,-0.04971237480804238
mean,operational,abs_full_minus_scalar,408,-0.06428820651307537
mean,operational,abs_full_minus_scalar,569,0.0031971504987528356
mean,operational,abs_full_minus_scalar,701,-0.055171977997712014
mean,operational,abs_full_minus_scalar,789,-0.030025655111905886
mean,operational,abs_full_minus_scalar,887,-0.06444377096254209
mean,operational,abs_full_minus_noJ,123,-1.2493027586209593
mean,operational,abs_full_minus_noJ,206,-1.1591092301400145
mean,operational,abs_full_minus_noJ,325,-1.4135294374002842
mean,operational,abs_full_minus_noJ,408,-1.4151108022344514
mean,operational,abs_full_minus_noJ,569,-1.4268377860160475
mean,operational,abs_full_minus_noJ,701,-1.3994661005986508
mean,operational,abs_full_minus_noJ,789,-1.3636608264460195
mean,operational,abs_full_minus_noJ,887,-1.538727890301333
mean,operational,abs_scalar_minus_noJ,123,-1.4354300608266453
mean,operational,abs_scalar_minus_noJ,206,-1.315483011381432
mean,operational,abs_scalar_minus_noJ,325,-1.363817062592242
mean,operational,abs_scalar_minus_noJ,408,-1.350822595721376
mean,operational,abs_scalar_minus_noJ,569,-1.4300349365148002
mean,operational,abs_scalar_minus_noJ,701,-1.3442941226009388
mean,operational,abs_scalar_minus_noJ,789,-1.3336351713341135
mean,operational,abs_scalar_minus_noJ,887,-1.474284119338791
mean,scheduler64,err_abs_noJ,123,1.7711504686109711
mean,scheduler64,err_abs_noJ,206,1.8180206531785743
mean,scheduler64,err_abs_noJ,325,1.7725843419272103
mean,scheduler64,err_abs_noJ,408,1.798125988907536
mean,scheduler64,err_abs_noJ,569,1.8365783662860455
mean,scheduler64,err_abs_noJ,701,1.8508286518116197
mean,scheduler64,err_abs_noJ,789,1.8440444175520396
mean,scheduler64,err_abs_noJ,887,1.857722741912642
mean,scheduler64,err_abs_scalar,123,0.33572039314066765
mean,scheduler64,err_abs_scalar,206,0.5025375932153788
mean,scheduler64,err_abs_scalar,325,0.4087672071233044
mean,scheduler64,err_abs_scalar,408,0.44730336456536596
mean,scheduler64,err_abs_scalar,569,0.4065433891861954
mean,scheduler64,err_abs_scalar,701,0.506534493713311
mean,scheduler64,err_abs_scalar,789,0.5104092528867686
mean,scheduler64,err_abs_scalar,887,0.3834386123752571
mean,scheduler64,err_abs_full,123,0.5218476971601366
mean,scheduler64,err_abs_full,206,0.6589114126184233
mean,scheduler64,err_abs_full,325,0.3590548994450728
mean,scheduler64,err_abs_full,408,0.38301520541453943
mean,scheduler64,err_abs_full,569,0.4097405385005435
mean,scheduler64,err_abs_full,701,0.4513625071149288
mean,scheduler64,err_abs_full,789,0.4803836212043831
mean,scheduler64,err_abs_full,887,0.31899486390226583
mean,scheduler64,err_sq_noJ,123,8.85181552716958
mean,scheduler64,err_sq_noJ,206,9.177807788962058
mean,scheduler64,err_sq_noJ,325,8.781614251394018
mean,scheduler64,err_sq_noJ,408,8.971286613960068
mean,scheduler64,err_sq_noJ,569,9.5320531270915
mean,scheduler64,err_sq_noJ,701,9.464620193839488
mean,scheduler64,err_sq_noJ,789,9.397321113169161
mean,scheduler64,err_sq_noJ,887,9.804731037525656
mean,scheduler64,err_sq_scalar,123,0.5027702115438577
mean,scheduler64,err_sq_scalar,206,1.1140463854362002
mean,scheduler64,err_sq_scalar,325,0.781096534753453
mean,scheduler64,err_sq_scalar,408,0.9330279187786261
mean,scheduler64,err_sq_scalar,569,0.781874761405835
mean,scheduler64,err_sq_scalar,701,1.1060168702091593
mean,scheduler64,err_sq_scalar,789,1.2135404648310621
mean,scheduler64,err_sq_scalar,887,0.7120299308171956
mean,scheduler64,err_sq_full,123,2.4945414793229754
mean,scheduler64,err_sq_full,206,3.221470075523029
mean,scheduler64,err_sq_full,325,0.7279164841427151
mean,scheduler64,err_sq_full,408,0.8178085715993095
mean,scheduler64,err_sq_full,569,1.067070045563088
mean,scheduler64,err_sq_full,701,1.1262658477394443
mean,scheduler64,err_sq_full,789,1.3239830974667155
mean,scheduler64,err_sq_full,887,0.6035294605056097
mean,scheduler64,err_rel_noJ,123,0.31499117076601607
mean,scheduler64,err_rel_noJ,206,0.3111447417666005
mean,scheduler64,err_rel_noJ,325,0.30447674378337114
mean,scheduler64,err_rel_noJ,408,0.3223537861481676
mean,scheduler64,err_rel_noJ,569,0.32066688432045337
mean,scheduler64,err_rel_noJ,701,0.3123541610923764
mean,scheduler64,err_rel_noJ,789,0.3176303359510368
mean,scheduler64,err_rel_noJ,887,0.30854370571502676
mean,scheduler64,err_rel_scalar,123,0.06308727819975446
mean,scheduler64,err_rel_scalar,206,0.0977821584195821
mean,scheduler64,err_rel_scalar,325,0.07604081641773906
mean,scheduler64,err_rel_scalar,408,0.08683542530437936
mean,scheduler64,err_rel_scalar,569,0.07628963988374407
mean,scheduler64,err_rel_scalar,701,0.09313344287944088
mean,scheduler64,err_rel_scalar,789,0.0858907460253047
mean,scheduler64,err_rel_scalar,887,0.06896383489508025
mean,scheduler64,err_rel_full,123,0.03609874124974117
mean,scheduler64,err_rel_full,206,0.050292296650551384
mean,scheduler64,err_rel_full,325,0.02298564564092367
mean,scheduler64,err_rel_full,408,0.028458548255299403
mean,scheduler64,err_rel_full,569,0.026810757132882237
mean,scheduler64,err_rel_full,701,0.029798144606670934
mean,scheduler64,err_rel_full,789,0.029930330776549167
mean,scheduler64,err_rel_full,887,0.019618917556069638
mean,scheduler64,abs_full_minus_scalar,123,0.18612730401946878
mean,scheduler64,abs_full_minus_scalar,206,0.1563738194030446
mean,scheduler64,abs_full_minus_scalar,325,-0.04971230767823152
mean,scheduler64,abs_full_minus_scalar,408,-0.06428815915082658
mean,scheduler64,abs_full_minus_scalar,569,0.003197149314348016
mean,scheduler64,abs_full_minus_scalar,701,-0.055171986598382294
mean,scheduler64,abs_full_minus_scalar,789,-0.03002563168238544
mean,scheduler64,abs_full_minus_scalar,887,-0.0644437484729913
mean,scheduler64,abs_full_minus_noJ,123,-1.2493027714508347
mean,scheduler64,abs_full_minus_noJ,206,-1.159109240560151
mean,scheduler64,abs_full_minus_noJ,325,-1.4135294424821374
mean,scheduler64,abs_full_minus_noJ,408,-1.4151107834929963
mean,scheduler64,abs_full_minus_noJ,569,-1.4268378277855023
mean,scheduler64,abs_full_minus_noJ,701,-1.3994661446966905
mean,scheduler64,abs_full_minus_noJ,789,-1.3636607963476568
mean,scheduler64,abs_full_minus_noJ,887,-1.5387278780103764
mean,scheduler64,abs_scalar_minus_noJ,123,-1.4354300754703038
mean,scheduler64,abs_scalar_minus_noJ,206,-1.3154830599631957
mean,scheduler64,abs_scalar_minus_noJ,325,-1.3638171348039059
mean,scheduler64,abs_scalar_minus_noJ,408,-1.35082262434217
mean,scheduler64,abs_scalar_minus_noJ,569,-1.4300349770998502
mean,scheduler64,abs_scalar_minus_noJ,701,-1.3442941580983083
mean,scheduler64,abs_scalar_minus_noJ,789,-1.333635164665271
mean,scheduler64,abs_scalar_minus_noJ,887,-1.4742841295373852
median,operational,err_abs_noJ,123,1.7675198730008017
median,operational,err_abs_noJ,206,1.8141508223304734
median,operational,err_abs_noJ,325,1.7715748381120042
median,operational,err_abs_noJ,408,1.7920500957444634
median,operational,err_abs_noJ,569,1.8341385464175903
median,operational,err_abs_noJ,701,1.867842543996086
median,operational,err_abs_noJ,789,1.848963363108319
median,operational,err_abs_noJ,887,1.8592536381384814
median,operational,err_abs_scalar,123,0.329787664615905
median,operational,err_abs_scalar,206,0.4942342979677196
median,operational,err_abs_scalar,325,0.42196635958124623
median,operational,err_abs_scalar,408,0.43319320245379495
median,operational,err_abs_scalar,569,0.4159031911729503
median,operational,err_abs_scalar,701,0.511232391756901
median,operational,err_abs_scalar,789,0.5091949658505518
median,operational,err_abs_scalar,887,0.36785192276816386
median,operational,err_abs_full,123,0.3005613887852161
median,operational,err_abs_full,206,0.4740759772497254
median,operational,err_abs_full,325,0.36322299976967515
median,operational,err_abs_full,408,0.39570693063840484
median,operational,err_abs_full,569,0.39794062025660226
median,operational,err_abs_full,701,0.4406549426859429
median,operational,err_abs_full,789,0.4787223073946594
median,operational,err_abs_full,887,0.31837574076722336
median,operational,err_sq_noJ,123,8.837217792539724
median,operational,err_sq_noJ,206,9.199450802336578
median,operational,err_sq_noJ,325,8.781043827201305
median,operational,err_sq_noJ,408,8.927045895181985
median,operational,err_sq_noJ,569,9.534223114267148
median,operational,err_sq_noJ,701,9.631075982403821
median,operational,err_sq_noJ,789,9.437315046319668
median,operational,err_sq_noJ,887,9.837356679723536
median,operational,err_sq_scalar,123,0.5026320620439847
median,operational,err_sq_scalar,206,1.0922084306933204
median,operational,err_sq_scalar,325,0.8292561930183165
median,operational,err_sq_scalar,408,0.8706385923444717
median,operational,err_sq_scalar,569,0.8048795301191696
median,operational,err_sq_scalar,701,1.1466318795217358
median,operational,err_sq_scalar,789,1.2202000830067217
median,operational,err_sq_scalar,887,0.6372937174290481
median,operational,err_sq_full,123,0.5060587602329408
median,operational,err_sq_full,206,1.235511238376662
median,operational,err_sq_full,325,0.7443338259186186
median,operational,err_sq_full,408,0.8723207364272142
median,operational,err_sq_full,569,0.9169807727466684
median,operational,err_sq_full,701,1.0744574534400775
median,operational,err_sq_full,789,1.3182837080750103
median,operational,err_sq_full,887,0.5803453349853384
median,operational,err_rel_noJ,123,0.313989676227223
median,operational,err_rel_noJ,206,0.30919090427065105
median,operational,err_rel_noJ,325,0.3057290236213533
median,operational,err_rel_noJ,408,0.3184021160945441
median,operational,err_rel_noJ,569,0.32013365992563364
median,operational,err_rel_noJ,701,0.3134400485436143
median,operational,err_rel_noJ,789,0.3152045339981058
median,operational,err_rel_noJ,887,0.3080421779983969
median,operational,err_rel_scalar,123,0.05785903865188269
median,operational,err_rel_scalar,206,0.09406540839225293
median,operational,err_rel_scalar,325,0.07539154365538134
median,operational,err_rel_scalar,408,0.08174824361860794
median,operational,err_rel_scalar,569,0.07706724849509923
median,operational,err_rel_scalar,701,0.08747397706076725
median,operational,err_rel_scalar,789,0.08615477728811062
median,operational,err_rel_scalar,887,0.06797112288618483
median,operational,err_rel_full,123,0.019659927033456186
median,operational,err_rel_full,206,0.0328906058975118
median,operational,err_rel_full,325,0.02266581673501042
median,operational,err_rel_full,408,0.02810048347949441
median,operational,err_rel_full,569,0.025802085361511875
median,operational,err_rel_full,701,0.028122870080477803
median,operational,err_rel_full,789,0.02905750626530826
median,operational,err_rel_full,887,0.019901993751123847
median,operational,abs_full_minus_scalar,123,-0.02588692987683538
median,operational,abs_full_minus_scalar,206,-0.04358644862285336
median,operational,abs_full_minus_scalar,325,-0.036571029166191024
median,operational,abs_full_minus_scalar,408,-0.061957813019963746
median,operational,abs_full_minus_scalar,569,-0.048244648545195314
median,operational,abs_full_minus_scalar,701,-0.05987680871963557
median,operational,abs_full_minus_scalar,789,-0.03118634725749751
median,operational,abs_full_minus_scalar,887,-0.06389199997311466
median,operational,abs_full_minus_noJ,123,-1.4656141965565095
median,operational,abs_full_minus_noJ,206,-1.3388118664348587
median,operational,abs_full_minus_noJ,325,-1.4217693545192134
median,operational,abs_full_minus_noJ,408,-1.4034062292486247
median,operational,abs_full_minus_noJ,569,-1.4606218889100262
median,operational,abs_full_minus_noJ,701,-1.429948271619797
median,operational,abs_full_minus_noJ,789,-1.3826000229700206
median,operational,abs_full_minus_noJ,887,-1.5396026588368201
median,operational,abs_scalar_minus_noJ,123,-1.4367926573706937
median,operational,abs_scalar_minus_noJ,206,-1.3214709442873103
median,operational,abs_scalar_minus_noJ,325,-1.355590937314486
median,operational,abs_scalar_minus_noJ,408,-1.3584192216544866
median,operational,abs_scalar_minus_noJ,569,-1.4164615930953104
median,operational,abs_scalar_minus_noJ,701,-1.3612633559652847
median,operational,abs_scalar_minus_noJ,789,-1.3133995968274081
median,operational,abs_scalar_minus_noJ,887,-1.4883997131560733
median,scheduler64,err_abs_noJ,123,1.7675198806100223
median,scheduler64,err_abs_noJ,206,1.814150832769398
median,scheduler64,err_abs_noJ,325,1.7715748525428598
median,scheduler64,err_abs_noJ,408,1.7920500753131368
median,scheduler64,err_abs_noJ,569,1.8341385390404785
median,scheduler64,err_abs_noJ,701,1.867842560440567
median,scheduler64,err_abs_noJ,789,1.8489633222291164
median,scheduler64,err_abs_noJ,887,1.85925366478458
median,scheduler64,err_abs_scalar,123,0.32978765597127646
median,scheduler64,err_abs_scalar,206,0.49423426598354636
median,scheduler64,err_abs_scalar,325,0.4219663239836842
median,scheduler64,err_abs_scalar,408,0.4331931526439967
median,scheduler64,err_abs_scalar,569,0.4159031562399423
median,scheduler64,err_abs_scalar,701,0.5112323395000301
median,scheduler64,err_abs_scalar,789,0.5091949749804728
median,scheduler64,err_abs_scalar,887,0.36785191157933134
median,scheduler64,err_abs_full,123,0.3005614175736881
median,scheduler64,err_abs_full,206,0.4740759739106612
median,scheduler64,err_abs_full,325,0.3632230459432344
median,scheduler64,err_abs_full,408,0.39570695145827267
median,scheduler64,err_abs_full,569,0.3979406042941551
median,scheduler64,err_abs_full,701,0.4406548748533081
median,scheduler64,err_abs_full,789,0.4787222672455513
median,scheduler64,err_abs_full,887,0.31837574992096634
median,scheduler64,err_sq_noJ,123,8.837219082115046
median,scheduler64,err_sq_noJ,206,9.199451945116602
median,scheduler64,err_sq_noJ,325,8.781045206135014
median,scheduler64,err_sq_noJ,408,8.927047074197946
median,scheduler64,err_sq_noJ,569,9.534224417082951
median,scheduler64,err_sq_noJ,701,9.63107707763085
median,scheduler64,err_sq_noJ,789,9.437315779574371
median,scheduler64,err_sq_noJ,887,9.83735798834892
median,scheduler64,err_sq_scalar,123,0.5026319299465664
median,scheduler64,err_sq_scalar,206,1.0922081695599484
median,scheduler64,err_sq_scalar,325,0.8292560225587623
median,scheduler64,err_sq_scalar,408,0.8706382829898235
median,scheduler64,err_sq_scalar,569,0.8048792762505342
median,scheduler64,err_sq_scalar,701,1.1466314249172973
median,scheduler64,err_sq_scalar,789,1.2201997675919611
median,scheduler64,err_sq_scalar,887,0.6372935117550237
median,scheduler64,err_sq_full,123,0.5060585502618983
median,scheduler64,err_sq_full,206,1.235511006191214
median,scheduler64,err_sq_full,325,0.7443336213938183
median,scheduler64,err_sq_full,408,0.8723204685173215
median,scheduler64,err_sq_full,569,0.9169805050102257
median,scheduler64,err_sq_full,701,1.074457233197793
median,scheduler64,err_sq_full,789,1.3182834388793714
median,scheduler64,err_sq_full,887,0.5803452258841489
median,scheduler64,err_rel_noJ,123,0.31398963505538796
median,scheduler64,err_rel_noJ,206,0.3091909672426825
median,scheduler64,err_rel_noJ,325,0.3057291257022911
median,scheduler64,err_rel_noJ,408,0.318401993864528
median,scheduler64,err_rel_noJ,569,0.3201337126896384
median,scheduler64,err_rel_noJ,701,0.3134401021279663
median,scheduler64,err_rel_noJ,789,0.3152045181965089
median,scheduler64,err_rel_noJ,887,0.3080423779849805
median,scheduler64,err_rel_scalar,123,0.05785902724976808
median,scheduler64,err_rel_scalar,206,0.09406546840395547
median,scheduler64,err_rel_scalar,325,0.07539147653241902
median,scheduler64,err_rel_scalar,408,0.08174816493628884
median,scheduler64,err_rel_scalar,569,0.07706732090585033
median,scheduler64,err_rel_scalar,701,0.0874740118861862
median,scheduler64,err_rel_scalar,789,0.08615483220947485
median,scheduler64,err_rel_scalar,887,0.06797109267098667
median,scheduler64,err_rel_full,123,0.019659838763009144
median,scheduler64,err_rel_full,206,0.032890469342602834
median,scheduler64,err_rel_full,325,0.022666004592685692
median,scheduler64,err_rel_full,408,0.028100427399390216
median,scheduler64,err_rel_full,569,0.025802063597914492
median,scheduler64,err_rel_full,701,0.028122730815137914
median,scheduler64,err_rel_full,789,0.02905743419376636
median,scheduler64,err_rel_full,887,0.01990183012536649
median,scheduler64,abs_full_minus_scalar,123,-0.02588693804130954
median,scheduler64,abs_full_minus_scalar,206,-0.04358641508891407
median,scheduler64,abs_full_minus_scalar,325,-0.03657094616267323
median,scheduler64,abs_full_minus_scalar,408,-0.06195777732092252
median,scheduler64,abs_full_minus_scalar,569,-0.04824463597683696
median,scheduler64,abs_full_minus_scalar,701,-0.05987681388731819
median,scheduler64,abs_full_minus_scalar,789,-0.031186366466690946
median,scheduler64,abs_full_minus_scalar,887,-0.06389194969699222
median,scheduler64,abs_full_minus_noJ,123,-1.4656141961879978
median,scheduler64,abs_full_minus_noJ,206,-1.3388119200301551
median,scheduler64,abs_full_minus_noJ,325,-1.4217693307052082
median,scheduler64,abs_full_minus_noJ,408,-1.4034062052300535
median,scheduler64,abs_full_minus_noJ,569,-1.4606219252888806
median,scheduler64,abs_full_minus_noJ,701,-1.4299482837976136
median,scheduler64,abs_full_minus_noJ,789,-1.3825999841573726
median,scheduler64,abs_full_minus_noJ,887,-1.5396026439344304
median,scheduler64,abs_scalar_minus_noJ,123,-1.4367926664786248
median,scheduler64,abs_scalar_minus_noJ,206,-1.3214709994947924
median,scheduler64,abs_scalar_minus_noJ,325,-1.3555910204471964
median,scheduler64,abs_scalar_minus_noJ,408,-1.358419256915729
median,scheduler64,abs_scalar_minus_noJ,569,-1.4164616167934458
median,scheduler64,abs_scalar_minus_noJ,701,-1.3612633697580394
median,scheduler64,abs_scalar_minus_noJ,789,-1.313399599286377
median,scheduler64,abs_scalar_minus_noJ,887,-1.488399695163966
