estimator,target_kind,metric,scope,point,lower95,upper95,defined_classes,total_classes,help,hurt,tie
mean,operational,err_abs_noJ,available_balanced,1.8186319459826958,1.7955911906541902,1.8402182276507533,8,8,,,
mean,operational,err_abs_scalar,available_balanced,0.43765681094390363,0.39572975854923054,0.4791177263482504,8,8,,,
mean,operational,err_abs_full,available_balanced,0.44791384201297596,0.38507467457089284,0.5217708685039435,8,8,,,
mean,operational,err_sq_noJ,available_balanced,9.247655015873253,9.013961937826835,9.486029665449566,8,8,,,
mean,operational,err_sq_scalar,available_balanced,0.8930506406552858,0.7376058171856534,1.0460457096047784,8,8,,,
mean,operational,err_sq_full,available_balanced,1.422823332634609,0.8888034568575802,2.07523825772737,8,8,,,
mean,operational,err_rel_noJ,available_balanced,0.31402017079000655,0.3100916723664602,0.3178666562325882,8,8,,,
mean,operational,err_rel_scalar,available_balanced,0.0810029163098076,0.07324234774960776,0.08864109154480554,8,8,,,
mean,operational,err_rel_full,available_balanced,0.030499247943113393,0.025224038266464542,0.037086241641793874,8,8,,,
mean,operational,abs_full_minus_scalar,available_balanced,0.010257031069072282,-0.0493295519449765,0.08334563696936302,8,8,,,
mean,operational,abs_full_minus_noJ,available_balanced,-1.37071810396972,-1.4400542307546733,-1.291149808334443,8,8,,,
mean,operational,abs_scalar_minus_noJ,available_balanced,-1.3809751350387924,-1.4190807825730274,-1.3458732180680824,8,8,,,
mean,scheduler64,err_abs_noJ,available_balanced,1.81863195377333,1.7955911972462484,1.8402182416696833,8,8,,,
mean,scheduler64,err_abs_scalar,available_balanced,0.43765678827578114,0.3957297415299505,0.4791176977112877,8,8,,,
mean,scheduler64,err_abs_full,available_balanced,0.4479138431700367,0.38507468145157575,0.5217708680602051,8,8,,,
mean,scheduler64,err_sq_noJ,available_balanced,9.247656206638942,9.013963111845001,9.486031019282265,8,8,,,
mean,scheduler64,err_sq_scalar,available_balanced,0.8930503847219236,0.7376056277138934,1.0460454277188167,8,8,,,
mean,scheduler64,err_sq_full,available_balanced,1.4228231327328609,0.8888032607787824,2.0752380538164124,8,8,,,
mean,scheduler64,err_rel_noJ,available_balanced,0.31402019119288105,0.3100916889782738,0.31786666130392494,8,8,,,
mean,scheduler64,err_rel_scalar,available_balanced,0.08100291775312811,0.07324235917360813,0.08864109912150063,8,8,,,
mean,scheduler64,err_rel_full,available_balanced,0.03049917273358595,0.025223984913993313,0.03708621577708396,8,8,,,
mean,scheduler64,abs_full_minus_scalar,available_balanced,0.010257054894255536,-0.04932953385155472,0.08334565595387161,8,8,,,
mean,scheduler64,abs_full_minus_noJ,available_balanced,-1.3707181106032933,-1.4400542371210958,-1.2911498171571143,8,8,,,
mean,scheduler64,abs_scalar_minus_noJ,available_balanced,-1.3809751654975488,-1.4190808070996435,-1.3458732573896544,8,8,,,
median,operational,err_abs_noJ,available_balanced,1.8194367151060273,1.7934380657174178,1.844591376104447,8,8,,,
median,operational,err_abs_scalar,available_balanced,0.4354204995209041,0.3921840794593028,0.47691785599814157,8,8,,,
median,operational,err_abs_full,available_balanced,0.39615761344343114,0.35341840103407945,0.43847104909804113,8,8,,,
median,operational,err_sq_noJ,available_balanced,9.273091142496721,9.013719652818796,9.530261370981524,8,8,,,
median,operational,err_sq_scalar,available_balanced,0.8879675610220961,0.7266079352306846,1.0492722589172965,8,8,,,
median,operational,err_sq_full,available_balanced,0.9060364787753163,0.721163477134709,1.094238034395678,8,8,,,
median,operational,err_rel_noJ,available_balanced,0.31301651758494026,0.309762543588713,0.31618905928277335,8,8,,,
median,operational,err_rel_scalar,available_balanced,0.07846642000603585,0.07074242788274132,0.08555771456452532,8,8,,,
median,operational,err_rel_full,available_balanced,0.025775161075486823,0.022759640604291247,0.02874110691428791,8,8,,,
median,operational,abs_full_minus_scalar,available_balanced,-0.04640025314766082,-0.055636431399267064,-0.0366437847383908,8,8,,,
median,operational,abs_full_minus_noJ,available_balanced,-1.4302968111369838,-1.4697264970451673,-1.3925232990610157,8,8,,,
median,operational,abs_scalar_minus_noJ,available_balanced,-1.3814747524588815,-1.421320944531637,-1.344529140892388,8,8,,,
median,scheduler64,err_abs_noJ,available_balanced,1.8194367159662699,1.7934380661733518,1.8445913868764374,8,8,,,
median,scheduler64,err_abs_scalar,available_balanced,0.43542047261028505,0.3921840609176571,0.47691783188224623,8,8,,,
median,scheduler64,err_abs_full,available_balanced,0.3961576106499797,0.3534184072511437,0.4384710315245357,8,8,,,
median,scheduler64,err_sq_noJ,available_balanced,9.273092321275213,9.013720938552524,9.53026255737532,8,8,,,
median,scheduler64,err_sq_scalar,available_balanced,0.8879672981962397,0.7266077152488153,1.049271989483322,8,8,,,
median,scheduler64,err_sq_full,available_balanced,0.9060362561669739,0.7211632837235333,1.0942378066242546,8,8,,,
median,scheduler64,err_rel_noJ,available_balanced,0.31301655410799795,0.3097625811863894,0.3161890578177149,8,8,,,
median,scheduler64,err_rel_scalar,available_balanced,0.07846642434936618,0.07074238193318408,0.08555774401860267,8,8,,,
median,scheduler64,err_rel_full,available_balanced,0.02577509985373414,0.022759653581664752,0.028741048810620784,8,8,,,
median,scheduler64,abs_full_minus_scalar,available_balanced,-0.04640023033020721,-0.05563639789074151,-0.036643777425395214,8,8,,,
median,scheduler64,abs_full_minus_noJ,available_balanced,-1.430296811166464,-1.46972648053399,-1.3925233022778591,8,8,,,
median,scheduler64,abs_scalar_minus_noJ,available_balanced,-1.3814747780422714,-1.4213209662164026,-1.3445291622171083,8,8,,,
mean,operational,abs_full_minus_scalar,breakdown:available_balanced,0.010257031069072282,-0.0493295519449765,0.08334563696936302,8,8,178,14,0
mean,scheduler64,abs_full_minus_scalar,breakdown:available_balanced,0.010257054894255536,-0.04932953385155472,0.08334565595387161,8,8,178,14,0
mean,operational,abs_full_minus_scalar,breakdown:probe5,-0.03815079079722541,-0.045208994003386134,-0.03229783321005717,8,8,96,0,0
mean,scheduler64,abs_full_minus_scalar,breakdown:probe5,-0.03815078345226326,-0.045209001364143776,-0.032297818968903706,8,8,96,0,0
mean,operational,abs_full_minus_scalar,breakdown:probe11,0.05866485293536998,-0.05951025884673322,0.20354343367122388,8,8,82,14,0
mean,scheduler64,abs_full_minus_scalar,breakdown:probe11,0.058664893240774334,-0.05951020746745187,0.20354344111906328,8,8,82,14,0
mean,operational,abs_full_minus_scalar,breakdown:qkv_all_blocks:probe5,-0.012546277937804606,-0.015813473029908653,-0.010009720310935182,8,8,32,0,0
mean,scheduler64,abs_full_minus_scalar,breakdown:qkv_all_blocks:probe5,-0.012546323227390008,-0.01581356879719309,-0.010009743647974694,8,8,32,0,0
mean,operational,abs_full_minus_scalar,breakdown:qkv_all_blocks:probe11,-0.10877023426892968,-0.12493133706356112,-0.09412624061612472,8,8,32,0,0
mean,scheduler64,abs_full_minus_scalar,breakdown:qkv_all_blocks:probe11,-0.10877019302768418,-0.12493129408821092,-0.09412621575190919,8,8,32,0,0
mean,operational,abs_full_minus_scalar,breakdown:attention_output_all_blocks:probe5,-0.0048507715515037075,-0.006084860482094479,-0.0036635200992399418,8,8,32,0,0
mean,scheduler64,abs_full_minus_scalar,breakdown:attention_output_all_blocks:probe5,-0.00485081946756701,-0.006084857991228853,-0.0036635588556392347,8,8,32,0,0
mean,operational,abs_full_minus_scalar,breakdown:attention_output_all_blocks:probe11,-0.030914645326221287,-0.03533372016185861,-0.025749432420938585,8,8,32,0,0
mean,scheduler64,abs_full_minus_scalar,breakdown:attention_output_all_blocks:probe11,-0.03091466090167666,-0.03533374274148911,-0.025749447757606382,8,8,32,0,0
mean,operational,abs_full_minus_scalar,breakdown:mlp_down_all_blocks:probe5,-0.0970553229023679,-0.11553107985841801,-0.081369146066989,8,8,32,0,0
mean,scheduler64,abs_full_minus_scalar,breakdown:mlp_down_all_blocks:probe5,-0.09705520766183277,-0.1155309921623112,-0.08136894593296849,8,8,32,0,0
mean,operational,abs_full_minus_scalar,breakdown:mlp_down_all_blocks:probe11,0.3156794384012609,-0.03635914219607062,0.7509656116513422,8,8,18,14,0
mean,scheduler64,abs_full_minus_scalar,breakdown:mlp_down_all_blocks:probe11,0.31567953365168383,-0.036359044902302864,0.7509656982793195,8,8,18,14,0
