family,left,right,metric,class_index,full_point,leave_one_class_out_point,change_from_full,estimand,class_id,source_observations_sha256
primary,candidate_B,energy,absolute_regret,0,-0.10632529049925843,-0.08711957323993644,0.01920571725932199,retrospective_influence_no_class_deleted_from_main,19,9ed386af3e565cf6ed8b4cf6119bb9126795d5b67de8900f021e06860f45d4dd
primary,candidate_B,energy,absolute_regret,1,-0.10632529049925843,-0.10447536712688606,0.0018499233723723724,retrospective_influence_no_class_deleted_from_main,85,9ed386af3e565cf6ed8b4cf6119bb9126795d5b67de8900f021e06860f45d4dd
primary,candidate_B,energy,absolute_regret,2,-0.10632529049925843,-0.10990183400393852,-0.003576543504680091,retrospective_influence_no_class_deleted_from_main,131,9ed386af3e565cf6ed8b4cf6119bb9126795d5b67de8900f021e06860f45d4dd
primary,candidate_B,energy,absolute_regret,3,-0.10632529049925843,-0.11204634593025449,-0.005721055430996061,retrospective_influence_no_class_deleted_from_main,224,9ed386af3e565cf6ed8b4cf6119bb9126795d5b67de8900f021e06860f45d4dd
primary,candidate_B,energy,absolute_regret,4,-0.10632529049925843,-0.10904473281743489,-0.00271944231817646,retrospective_influence_no_class_deleted_from_main,301,9ed386af3e565cf6ed8b4cf6119bb9126795d5b67de8900f021e06860f45d4dd
primary,candidate_B,energy,absolute_regret,5,-0.10632529049925843,-0.11098056957230393,-0.0046552790730454985,retrospective_influence_no_class_deleted_from_main,345,9ed386af3e565cf6ed8b4cf6119bb9126795d5b67de8900f021e06860f45d4dd
primary,candidate_B,energy,absolute_regret,6,-0.10632529049925843,-0.11222119978368354,-0.005895909284425113,retrospective_influence_no_class_deleted_from_main,384,9ed386af3e565cf6ed8b4cf6119bb9126795d5b67de8900f021e06860f45d4dd
primary,candidate_B,energy,absolute_regret,7,-0.10632529049925843,-0.10942553076342063,-0.0031002402641621962,retrospective_influence_no_class_deleted_from_main,462,9ed386af3e565cf6ed8b4cf6119bb9126795d5b67de8900f021e06860f45d4dd
primary,candidate_B,energy,absolute_regret,8,-0.10632529049925843,-0.10387784826779099,0.0024474422314674366,retrospective_influence_no_class_deleted_from_main,511,9ed386af3e565cf6ed8b4cf6119bb9126795d5b67de8900f021e06860f45d4dd
primary,candidate_B,energy,absolute_regret,9,-0.10632529049925843,-0.10783313563753581,-0.0015078451382773833,retrospective_influence_no_class_deleted_from_main,568,9ed386af3e565cf6ed8b4cf6119bb9126795d5b67de8900f021e06860f45d4dd
primary,candidate_B,energy,absolute_regret,10,-0.10632529049925843,-0.08705228534366997,0.019273005155588455,retrospective_influence_no_class_deleted_from_main,679,9ed386af3e565cf6ed8b4cf6119bb9126795d5b67de8900f021e06860f45d4dd
primary,candidate_B,energy,absolute_regret,11,-0.10632529049925843,-0.10998693228686286,-0.0036616417876044333,retrospective_influence_no_class_deleted_from_main,712,9ed386af3e565cf6ed8b4cf6119bb9126795d5b67de8900f021e06860f45d4dd
primary,candidate_B,energy,absolute_regret,12,-0.10632529049925843,-0.10864729557149728,-0.0023220050722388558,retrospective_influence_no_class_deleted_from_main,780,9ed386af3e565cf6ed8b4cf6119bb9126795d5b67de8900f021e06860f45d4dd
primary,candidate_B,energy,absolute_regret,13,-0.10632529049925843,-0.10893430149559455,-0.0026090109963361197,retrospective_influence_no_class_deleted_from_main,870,9ed386af3e565cf6ed8b4cf6119bb9126795d5b67de8900f021e06860f45d4dd
primary,candidate_B,energy,absolute_regret,14,-0.10632529049925843,-0.10953648155838981,-0.0032111910591313825,retrospective_influence_no_class_deleted_from_main,888,9ed386af3e565cf6ed8b4cf6119bb9126795d5b67de8900f021e06860f45d4dd
primary,candidate_B,energy,absolute_regret,15,-0.10632529049925843,-0.11012121458893497,-0.003795924089676536,retrospective_influence_no_class_deleted_from_main,975,9ed386af3e565cf6ed8b4cf6119bb9126795d5b67de8900f021e06860f45d4dd
primary,candidate_B,energy,normalized_regret,0,-0.14201775756807644,-0.14326020119394975,-0.0012424436258733074,retrospective_influence_no_class_deleted_from_main,19,9ed386af3e565cf6ed8b4cf6119bb9126795d5b67de8900f021e06860f45d4dd
primary,candidate_B,energy,normalized_regret,1,-0.14201775756807644,-0.1434593330323861,-0.0014415754643096468,retrospective_influence_no_class_deleted_from_main,85,9ed386af3e565cf6ed8b4cf6119bb9126795d5b67de8900f021e06860f45d4dd
primary,candidate_B,energy,normalized_regret,2,-0.14201775756807644,-0.1452302564270948,-0.0032124988590183645,retrospective_influence_no_class_deleted_from_main,131,9ed386af3e565cf6ed8b4cf6119bb9126795d5b67de8900f021e06860f45d4dd
primary,candidate_B,energy,normalized_regret,3,-0.14201775756807644,-0.14228764877098124,-0.0002698912029047984,retrospective_influence_no_class_deleted_from_main,224,9ed386af3e565cf6ed8b4cf6119bb9126795d5b67de8900f021e06860f45d4dd
primary,candidate_B,energy,normalized_regret,4,-0.14201775756807644,-0.14082391287572626,0.0011938446923501767,retrospective_influence_no_class_deleted_from_main,301,9ed386af3e565cf6ed8b4cf6119bb9126795d5b67de8900f021e06860f45d4dd
primary,candidate_B,energy,normalized_regret,5,-0.14201775756807644,-0.14214923041447547,-0.0001314728463990278,retrospective_influence_no_class_deleted_from_main,345,9ed386af3e565cf6ed8b4cf6119bb9126795d5b67de8900f021e06860f45d4dd
primary,candidate_B,energy,normalized_regret,6,-0.14201775756807644,-0.1408677897061575,0.0011499678619189546,retrospective_influence_no_class_deleted_from_main,384,9ed386af3e565cf6ed8b4cf6119bb9126795d5b67de8900f021e06860f45d4dd
primary,candidate_B,energy,normalized_regret,7,-0.14201775756807644,-0.14296299309728316,-0.0009452355292067227,retrospective_influence_no_class_deleted_from_main,462,9ed386af3e565cf6ed8b4cf6119bb9126795d5b67de8900f021e06860f45d4dd
primary,candidate_B,energy,normalized_regret,8,-0.14201775756807644,-0.14040683176657712,0.0016109258014993244,retrospective_influence_no_class_deleted_from_main,511,9ed386af3e565cf6ed8b4cf6119bb9126795d5b67de8900f021e06860f45d4dd
primary,candidate_B,energy,normalized_regret,9,-0.14201775756807644,-0.14105581653484764,0.0009619410332288025,retrospective_influence_no_class_deleted_from_main,568,9ed386af3e565cf6ed8b4cf6119bb9126795d5b67de8900f021e06860f45d4dd
primary,candidate_B,energy,normalized_regret,10,-0.14201775756807644,-0.14219930258713845,-0.00018154501906200715,retrospective_influence_no_class_deleted_from_main,679,9ed386af3e565cf6ed8b4cf6119bb9126795d5b67de8900f021e06860f45d4dd
primary,candidate_B,energy,normalized_regret,11,-0.14201775756807644,-0.13946628358608806,0.002551473981988378,retrospective_influence_no_class_deleted_from_main,712,9ed386af3e565cf6ed8b4cf6119bb9126795d5b67de8900f021e06860f45d4dd
primary,candidate_B,energy,normalized_regret,12,-0.14201775756807644,-0.14344738578761665,-0.0014296282195402077,retrospective_influence_no_class_deleted_from_main,780,9ed386af3e565cf6ed8b4cf6119bb9126795d5b67de8900f021e06860f45d4dd
primary,candidate_B,energy,normalized_regret,13,-0.14201775756807644,-0.14231779300463934,-0.000300035436562901,retrospective_influence_no_class_deleted_from_main,870,9ed386af3e565cf6ed8b4cf6119bb9126795d5b67de8900f021e06860f45d4dd
primary,candidate_B,energy,normalized_regret,14,-0.14201775756807644,-0.14131787743037819,0.0006998801376982555,retrospective_influence_no_class_deleted_from_main,888,9ed386af3e565cf6ed8b4cf6119bb9126795d5b67de8900f021e06860f45d4dd
primary,candidate_B,energy,normalized_regret,15,-0.14201775756807644,-0.14103146487388346,0.0009862926941929806,retrospective_influence_no_class_deleted_from_main,975,9ed386af3e565cf6ed8b4cf6119bb9126795d5b67de8900f021e06860f45d4dd
primary,candidate_B,energy,oracle_hit,0,0.27372685185185186,0.27469135802469136,0.0009645061728394966,retrospective_influence_no_class_deleted_from_main,19,9ed386af3e565cf6ed8b4cf6119bb9126795d5b67de8900f021e06860f45d4dd
primary,candidate_B,energy,oracle_hit,1,0.27372685185185186,0.27716049382716046,0.003433641975308599,retrospective_influence_no_class_deleted_from_main,85,9ed386af3e565cf6ed8b4cf6119bb9126795d5b67de8900f021e06860f45d4dd
primary,candidate_B,energy,oracle_hit,2,0.27372685185185186,0.2802469135802469,0.006520061728395032,retrospective_influence_no_class_deleted_from_main,131,9ed386af3e565cf6ed8b4cf6119bb9126795d5b67de8900f021e06860f45d4dd
primary,candidate_B,energy,oracle_hit,3,0.27372685185185186,0.2728395061728394,-0.0008873456790124412,retrospective_influence_no_class_deleted_from_main,224,9ed386af3e565cf6ed8b4cf6119bb9126795d5b67de8900f021e06860f45d4dd
primary,candidate_B,energy,oracle_hit,4,0.27372685185185186,0.2716049382716049,-0.002121913580246937,retrospective_influence_no_class_deleted_from_main,301,9ed386af3e565cf6ed8b4cf6119bb9126795d5b67de8900f021e06860f45d4dd
primary,candidate_B,energy,oracle_hit,5,0.27372685185185186,0.2765432098765432,0.0028163580246913233,retrospective_influence_no_class_deleted_from_main,345,9ed386af3e565cf6ed8b4cf6119bb9126795d5b67de8900f021e06860f45d4dd
primary,candidate_B,energy,oracle_hit,6,0.27372685185185186,0.2716049382716049,-0.002121913580246937,retrospective_influence_no_class_deleted_from_main,384,9ed386af3e565cf6ed8b4cf6119bb9126795d5b67de8900f021e06860f45d4dd
primary,candidate_B,energy,oracle_hit,7,0.27372685185185186,0.2709876543209876,-0.002739197530864268,retrospective_influence_no_class_deleted_from_main,462,9ed386af3e565cf6ed8b4cf6119bb9126795d5b67de8900f021e06860f45d4dd
primary,candidate_B,energy,oracle_hit,8,0.27372685185185186,0.2728395061728394,-0.0008873456790124412,retrospective_influence_no_class_deleted_from_main,511,9ed386af3e565cf6ed8b4cf6119bb9126795d5b67de8900f021e06860f45d4dd
primary,candidate_B,energy,oracle_hit,9,0.27372685185185186,0.27345679012345675,-0.0002700617283951101,retrospective_influence_no_class_deleted_from_main,568,9ed386af3e565cf6ed8b4cf6119bb9126795d5b67de8900f021e06860f45d4dd
primary,candidate_B,energy,oracle_hit,10,0.27372685185185186,0.27345679012345675,-0.0002700617283951101,retrospective_influence_no_class_deleted_from_main,679,9ed386af3e565cf6ed8b4cf6119bb9126795d5b67de8900f021e06860f45d4dd
primary,candidate_B,energy,oracle_hit,11,0.27372685185185186,0.26913580246913577,-0.004591049382716095,retrospective_influence_no_class_deleted_from_main,712,9ed386af3e565cf6ed8b4cf6119bb9126795d5b67de8900f021e06860f45d4dd
primary,candidate_B,energy,oracle_hit,12,0.27372685185185186,0.27345679012345675,-0.0002700617283951101,retrospective_influence_no_class_deleted_from_main,780,9ed386af3e565cf6ed8b4cf6119bb9126795d5b67de8900f021e06860f45d4dd
primary,candidate_B,energy,oracle_hit,13,0.27372685185185186,0.27777777777777773,0.0040509259259258745,retrospective_influence_no_class_deleted_from_main,870,9ed386af3e565cf6ed8b4cf6119bb9126795d5b67de8900f021e06860f45d4dd
primary,candidate_B,energy,oracle_hit,14,0.27372685185185186,0.27222222222222214,-0.0015046296296297168,retrospective_influence_no_class_deleted_from_main,888,9ed386af3e565cf6ed8b4cf6119bb9126795d5b67de8900f021e06860f45d4dd
primary,candidate_B,energy,oracle_hit,15,0.27372685185185186,0.27160493827160487,-0.0021219135802469924,retrospective_influence_no_class_deleted_from_main,975,9ed386af3e565cf6ed8b4cf6119bb9126795d5b67de8900f021e06860f45d4dd
primary,candidate_B,constant,absolute_regret,0,-0.02432135063717053,-0.025606563324233982,-0.0012852126870634521,retrospective_influence_no_class_deleted_from_main,19,9ed386af3e565cf6ed8b4cf6119bb9126795d5b67de8900f021e06860f45d4dd
primary,candidate_B,constant,absolute_regret,1,-0.02432135063717053,-0.02514897179048714,-0.00082762115331661,retrospective_influence_no_class_deleted_from_main,85,9ed386af3e565cf6ed8b4cf6119bb9126795d5b67de8900f021e06860f45d4dd
primary,candidate_B,constant,absolute_regret,2,-0.02432135063717053,-0.026196572792992145,-0.0018752221558216153,retrospective_influence_no_class_deleted_from_main,131,9ed386af3e565cf6ed8b4cf6119bb9126795d5b67de8900f021e06860f45d4dd
primary,candidate_B,constant,absolute_regret,3,-0.02432135063717053,-0.025703451194084036,-0.0013821005569135056,retrospective_influence_no_class_deleted_from_main,224,9ed386af3e565cf6ed8b4cf6119bb9126795d5b67de8900f021e06860f45d4dd
primary,candidate_B,constant,absolute_regret,4,-0.02432135063717053,-0.025186008462332068,-0.0008646578251615376,retrospective_influence_no_class_deleted_from_main,301,9ed386af3e565cf6ed8b4cf6119bb9126795d5b67de8900f021e06860f45d4dd
primary,candidate_B,constant,absolute_regret,5,-0.02432135063717053,-0.025892325128652523,-0.0015709744914819933,retrospective_influence_no_class_deleted_from_main,345,9ed386af3e565cf6ed8b4cf6119bb9126795d5b67de8900f021e06860f45d4dd
primary,candidate_B,constant,absolute_regret,6,-0.02432135063717053,-0.02560529328989878,-0.0012839426527282496,retrospective_influence_no_class_deleted_from_main,384,9ed386af3e565cf6ed8b4cf6119bb9126795d5b67de8900f021e06860f45d4dd
primary,candidate_B,constant,absolute_regret,7,-0.02432135063717053,-0.025986864846044413,-0.0016655142088738834,retrospective_influence_no_class_deleted_from_main,462,9ed386af3e565cf6ed8b4cf6119bb9126795d5b67de8900f021e06860f45d4dd
primary,candidate_B,constant,absolute_regret,8,-0.02432135063717053,-0.024929745398269657,-0.0006083947610991264,retrospective_influence_no_class_deleted_from_main,511,9ed386af3e565cf6ed8b4cf6119bb9126795d5b67de8900f021e06860f45d4dd
primary,candidate_B,constant,absolute_regret,9,-0.02432135063717053,-0.022212047775290077,0.002109302861880453,retrospective_influence_no_class_deleted_from_main,568,9ed386af3e565cf6ed8b4cf6119bb9126795d5b67de8900f021e06860f45d4dd
primary,candidate_B,constant,absolute_regret,10,-0.02432135063717053,-0.015784266343096615,0.008537084294073915,retrospective_influence_no_class_deleted_from_main,679,9ed386af3e565cf6ed8b4cf6119bb9126795d5b67de8900f021e06860f45d4dd
primary,candidate_B,constant,absolute_regret,11,-0.02432135063717053,-0.02584159975540039,-0.0015202491182298612,retrospective_influence_no_class_deleted_from_main,712,9ed386af3e565cf6ed8b4cf6119bb9126795d5b67de8900f021e06860f45d4dd
primary,candidate_B,constant,absolute_regret,12,-0.02432135063717053,-0.025478398193840138,-0.0011570475566696076,retrospective_influence_no_class_deleted_from_main,780,9ed386af3e565cf6ed8b4cf6119bb9126795d5b67de8900f021e06860f45d4dd
primary,candidate_B,constant,absolute_regret,13,-0.02432135063717053,-0.025890255693050885,-0.0015689050558803548,retrospective_influence_no_class_deleted_from_main,870,9ed386af3e565cf6ed8b4cf6119bb9126795d5b67de8900f021e06860f45d4dd
primary,candidate_B,constant,absolute_regret,14,-0.02432135063717053,-0.025436317094092522,-0.0011149664569219918,retrospective_influence_no_class_deleted_from_main,888,9ed386af3e565cf6ed8b4cf6119bb9126795d5b67de8900f021e06860f45d4dd
primary,candidate_B,constant,absolute_regret,15,-0.02432135063717053,-0.018242929112963123,0.006078421524207407,retrospective_influence_no_class_deleted_from_main,975,9ed386af3e565cf6ed8b4cf6119bb9126795d5b67de8900f021e06860f45d4dd
primary,candidate_B,constant,normalized_regret,0,-0.00288169920691601,-0.0028653741237608596,1.6325083155150494e-05,retrospective_influence_no_class_deleted_from_main,19,9ed386af3e565cf6ed8b4cf6119bb9126795d5b67de8900f021e06860f45d4dd
primary,candidate_B,constant,normalized_regret,1,-0.00288169920691601,-0.0024696957392790486,0.00041200346763696147,retrospective_influence_no_class_deleted_from_main,85,9ed386af3e565cf6ed8b4cf6119bb9126795d5b67de8900f021e06860f45d4dd
primary,candidate_B,constant,normalized_regret,2,-0.00288169920691601,-0.0035530455779756867,-0.0006713463710596767,retrospective_influence_no_class_deleted_from_main,131,9ed386af3e565cf6ed8b4cf6119bb9126795d5b67de8900f021e06860f45d4dd
primary,candidate_B,constant,normalized_regret,3,-0.00288169920691601,-0.0039173826270836746,-0.0010356834201676645,retrospective_influence_no_class_deleted_from_main,224,9ed386af3e565cf6ed8b4cf6119bb9126795d5b67de8900f021e06860f45d4dd
primary,candidate_B,constant,normalized_regret,4,-0.00288169920691601,-0.004207669409330818,-0.001325970202414808,retrospective_influence_no_class_deleted_from_main,301,9ed386af3e565cf6ed8b4cf6119bb9126795d5b67de8900f021e06860f45d4dd
primary,candidate_B,constant,normalized_regret,5,-0.00288169920691601,-0.002918884788314991,-3.718558139898095e-05,retrospective_influence_no_class_deleted_from_main,345,9ed386af3e565cf6ed8b4cf6119bb9126795d5b67de8900f021e06860f45d4dd
primary,candidate_B,constant,normalized_regret,6,-0.00288169920691601,-0.002580295143659288,0.00030140406325672225,retrospective_influence_no_class_deleted_from_main,384,9ed386af3e565cf6ed8b4cf6119bb9126795d5b67de8900f021e06860f45d4dd
primary,candidate_B,constant,normalized_regret,7,-0.00288169920691601,-0.003317919279285215,-0.000436220072369205,retrospective_influence_no_class_deleted_from_main,462,9ed386af3e565cf6ed8b4cf6119bb9126795d5b67de8900f021e06860f45d4dd
primary,candidate_B,constant,normalized_regret,8,-0.00288169920691601,-0.0028857638728261898,-4.064665910179666e-06,retrospective_influence_no_class_deleted_from_main,511,9ed386af3e565cf6ed8b4cf6119bb9126795d5b67de8900f021e06860f45d4dd
primary,candidate_B,constant,normalized_regret,9,-0.00288169920691601,-0.0023271169245917805,0.0005545822823242296,retrospective_influence_no_class_deleted_from_main,568,9ed386af3e565cf6ed8b4cf6119bb9126795d5b67de8900f021e06860f45d4dd
primary,candidate_B,constant,normalized_regret,10,-0.00288169920691601,-0.0034940908004584105,-0.0006123915935424004,retrospective_influence_no_class_deleted_from_main,679,9ed386af3e565cf6ed8b4cf6119bb9126795d5b67de8900f021e06860f45d4dd
primary,candidate_B,constant,normalized_regret,11,-0.00288169920691601,-0.0020352327182790787,0.0008464664886369314,retrospective_influence_no_class_deleted_from_main,712,9ed386af3e565cf6ed8b4cf6119bb9126795d5b67de8900f021e06860f45d4dd
primary,candidate_B,constant,normalized_regret,12,-0.00288169920691601,-0.0023805184307564655,0.0005011807761595446,retrospective_influence_no_class_deleted_from_main,780,9ed386af3e565cf6ed8b4cf6119bb9126795d5b67de8900f021e06860f45d4dd
primary,candidate_B,constant,normalized_regret,13,-0.00288169920691601,-0.002231586283446644,0.0006501129234693661,retrospective_influence_no_class_deleted_from_main,870,9ed386af3e565cf6ed8b4cf6119bb9126795d5b67de8900f021e06860f45d4dd
primary,candidate_B,constant,normalized_regret,14,-0.00288169920691601,-0.002284582610797064,0.0005971165961189463,retrospective_influence_no_class_deleted_from_main,888,9ed386af3e565cf6ed8b4cf6119bb9126795d5b67de8900f021e06860f45d4dd
primary,candidate_B,constant,normalized_regret,15,-0.00288169920691601,-0.0026380289808109474,0.0002436702261050627,retrospective_influence_no_class_deleted_from_main,975,9ed386af3e565cf6ed8b4cf6119bb9126795d5b67de8900f021e06860f45d4dd
primary,candidate_B,constant,oracle_hit,0,0.004050925925925923,0.004320987654320985,0.00027006172839506154,retrospective_influence_no_class_deleted_from_main,19,9ed386af3e565cf6ed8b4cf6119bb9126795d5b67de8900f021e06860f45d4dd
primary,candidate_B,constant,oracle_hit,1,0.004050925925925923,0.0037037037037036978,-0.0003472222222222253,retrospective_influence_no_class_deleted_from_main,85,9ed386af3e565cf6ed8b4cf6119bb9126795d5b67de8900f021e06860f45d4dd
primary,candidate_B,constant,oracle_hit,2,0.004050925925925923,0.006172839506172837,0.0021219135802469143,retrospective_influence_no_class_deleted_from_main,131,9ed386af3e565cf6ed8b4cf6119bb9126795d5b67de8900f021e06860f45d4dd
primary,candidate_B,constant,oracle_hit,3,0.004050925925925923,0.006172839506172823,0.0021219135802468996,retrospective_influence_no_class_deleted_from_main,224,9ed386af3e565cf6ed8b4cf6119bb9126795d5b67de8900f021e06860f45d4dd
primary,candidate_B,constant,oracle_hit,4,0.004050925925925923,0.0055555555555555506,0.0015046296296296275,retrospective_influence_no_class_deleted_from_main,301,9ed386af3e565cf6ed8b4cf6119bb9126795d5b67de8900f021e06860f45d4dd
primary,candidate_B,constant,oracle_hit,5,0.004050925925925923,0.0030864197530864187,-0.0009645061728395044,retrospective_influence_no_class_deleted_from_main,345,9ed386af3e565cf6ed8b4cf6119bb9126795d5b67de8900f021e06860f45d4dd
primary,candidate_B,constant,oracle_hit,6,0.004050925925925923,0.003703703703703705,-0.00034722222222221795,retrospective_influence_no_class_deleted_from_main,384,9ed386af3e565cf6ed8b4cf6119bb9126795d5b67de8900f021e06860f45d4dd
primary,candidate_B,constant,oracle_hit,7,0.004050925925925923,0.0055555555555555506,0.0015046296296296275,retrospective_influence_no_class_deleted_from_main,462,9ed386af3e565cf6ed8b4cf6119bb9126795d5b67de8900f021e06860f45d4dd
primary,candidate_B,constant,oracle_hit,8,0.004050925925925923,0.0018518518518518526,-0.0021990740740740703,retrospective_influence_no_class_deleted_from_main,511,9ed386af3e565cf6ed8b4cf6119bb9126795d5b67de8900f021e06860f45d4dd
primary,candidate_B,constant,oracle_hit,9,0.004050925925925923,0.003703703703703705,-0.00034722222222221795,retrospective_influence_no_class_deleted_from_main,568,9ed386af3e565cf6ed8b4cf6119bb9126795d5b67de8900f021e06860f45d4dd
primary,candidate_B,constant,oracle_hit,10,0.004050925925925923,0.0049382716049382715,0.0008873456790123484,retrospective_influence_no_class_deleted_from_main,679,9ed386af3e565cf6ed8b4cf6119bb9126795d5b67de8900f021e06860f45d4dd
primary,candidate_B,constant,oracle_hit,11,0.004050925925925923,0.0030864197530864187,-0.0009645061728395044,retrospective_influence_no_class_deleted_from_main,712,9ed386af3e565cf6ed8b4cf6119bb9126795d5b67de8900f021e06860f45d4dd
primary,candidate_B,constant,oracle_hit,12,0.004050925925925923,0.003086419753086426,-0.000964506172839497,retrospective_influence_no_class_deleted_from_main,780,9ed386af3e565cf6ed8b4cf6119bb9126795d5b67de8900f021e06860f45d4dd
primary,candidate_B,constant,oracle_hit,13,0.004050925925925923,0.003703703703703705,-0.00034722222222221795,retrospective_influence_no_class_deleted_from_main,870,9ed386af3e565cf6ed8b4cf6119bb9126795d5b67de8900f021e06860f45d4dd
primary,candidate_B,constant,oracle_hit,14,0.004050925925925923,0.002469135802469132,-0.0015817901234567912,retrospective_influence_no_class_deleted_from_main,888,9ed386af3e565cf6ed8b4cf6119bb9126795d5b67de8900f021e06860f45d4dd
primary,candidate_B,constant,oracle_hit,15,0.004050925925925923,0.0037037037037036904,-0.0003472222222222327,retrospective_influence_no_class_deleted_from_main,975,9ed386af3e565cf6ed8b4cf6119bb9126795d5b67de8900f021e06860f45d4dd
primary,candidate_B,latest_stage,absolute_regret,0,0.16660797222310794,0.17726414343751737,0.010656171214409427,retrospective_influence_no_class_deleted_from_main,19,9ed386af3e565cf6ed8b4cf6119bb9126795d5b67de8900f021e06860f45d4dd
primary,candidate_B,latest_stage,absolute_regret,1,0.16660797222310794,0.06438976761290358,-0.10221820461020437,retrospective_influence_no_class_deleted_from_main,85,9ed386af3e565cf6ed8b4cf6119bb9126795d5b67de8900f021e06860f45d4dd
primary,candidate_B,latest_stage,absolute_regret,2,0.16660797222310794,0.1773385509558046,0.010730578732696672,retrospective_influence_no_class_deleted_from_main,131,9ed386af3e565cf6ed8b4cf6119bb9126795d5b67de8900f021e06860f45d4dd
primary,candidate_B,latest_stage,absolute_regret,3,0.16660797222310794,0.176509613609466,0.009901641386358045,retrospective_influence_no_class_deleted_from_main,224,9ed386af3e565cf6ed8b4cf6119bb9126795d5b67de8900f021e06860f45d4dd
primary,candidate_B,latest_stage,absolute_regret,4,0.16660797222310794,0.16201725212093054,-0.004590720102177398,retrospective_influence_no_class_deleted_from_main,301,9ed386af3e565cf6ed8b4cf6119bb9126795d5b67de8900f021e06860f45d4dd
primary,candidate_B,latest_stage,absolute_regret,5,0.16660797222310794,0.17855068094847895,0.01194270872537101,retrospective_influence_no_class_deleted_from_main,345,9ed386af3e565cf6ed8b4cf6119bb9126795d5b67de8900f021e06860f45d4dd
primary,candidate_B,latest_stage,absolute_regret,6,0.16660797222310794,0.17834744901146932,0.011739476788361375,retrospective_influence_no_class_deleted_from_main,384,9ed386af3e565cf6ed8b4cf6119bb9126795d5b67de8900f021e06860f45d4dd
primary,candidate_B,latest_stage,absolute_regret,7,0.16660797222310794,0.17282057086862,0.006212598645512046,retrospective_influence_no_class_deleted_from_main,462,9ed386af3e565cf6ed8b4cf6119bb9126795d5b67de8900f021e06860f45d4dd
primary,candidate_B,latest_stage,absolute_regret,8,0.16660797222310794,0.17741630914245923,0.010808336919351291,retrospective_influence_no_class_deleted_from_main,511,9ed386af3e565cf6ed8b4cf6119bb9126795d5b67de8900f021e06860f45d4dd
primary,candidate_B,latest_stage,absolute_regret,9,0.16660797222310794,0.1762517727711084,0.009643800548000458,retrospective_influence_no_class_deleted_from_main,568,9ed386af3e565cf6ed8b4cf6119bb9126795d5b67de8900f021e06860f45d4dd
primary,candidate_B,latest_stage,absolute_regret,10,0.16660797222310794,0.16720064180036737,0.0005926695772594248,retrospective_influence_no_class_deleted_from_main,679,9ed386af3e565cf6ed8b4cf6119bb9126795d5b67de8900f021e06860f45d4dd
primary,candidate_B,latest_stage,absolute_regret,11,0.16660797222310794,0.17663951489533633,0.010031542672228388,retrospective_influence_no_class_deleted_from_main,712,9ed386af3e565cf6ed8b4cf6119bb9126795d5b67de8900f021e06860f45d4dd
primary,candidate_B,latest_stage,absolute_regret,12,0.16660797222310794,0.179997635828579,0.013389663605471058,retrospective_influence_no_class_deleted_from_main,780,9ed386af3e565cf6ed8b4cf6119bb9126795d5b67de8900f021e06860f45d4dd
primary,candidate_B,latest_stage,absolute_regret,13,0.16660797222310794,0.18078004579874993,0.014172073575641986,retrospective_influence_no_class_deleted_from_main,870,9ed386af3e565cf6ed8b4cf6119bb9126795d5b67de8900f021e06860f45d4dd
primary,candidate_B,latest_stage,absolute_regret,14,0.16660797222310794,0.15613142604802438,-0.010476546175083562,retrospective_influence_no_class_deleted_from_main,888,9ed386af3e565cf6ed8b4cf6119bb9126795d5b67de8900f021e06860f45d4dd
primary,candidate_B,latest_stage,absolute_regret,15,0.16660797222310794,0.1640721807199121,-0.0025357915031958556,retrospective_influence_no_class_deleted_from_main,975,9ed386af3e565cf6ed8b4cf6119bb9126795d5b67de8900f021e06860f45d4dd
primary,candidate_B,latest_stage,normalized_regret,0,-0.009091296578802557,-0.008010944707008692,0.0010803518717938648,retrospective_influence_no_class_deleted_from_main,19,9ed386af3e565cf6ed8b4cf6119bb9126795d5b67de8900f021e06860f45d4dd
primary,candidate_B,latest_stage,normalized_regret,1,-0.009091296578802557,-0.007367124731194474,0.0017241718476080827,retrospective_influence_no_class_deleted_from_main,85,9ed386af3e565cf6ed8b4cf6119bb9126795d5b67de8900f021e06860f45d4dd
primary,candidate_B,latest_stage,normalized_regret,2,-0.009091296578802557,-0.007189635603379789,0.001901660975422768,retrospective_influence_no_class_deleted_from_main,131,9ed386af3e565cf6ed8b4cf6119bb9126795d5b67de8900f021e06860f45d4dd
primary,candidate_B,latest_stage,normalized_regret,3,-0.009091296578802557,-0.00995509568732735,-0.0008637991085247935,retrospective_influence_no_class_deleted_from_main,224,9ed386af3e565cf6ed8b4cf6119bb9126795d5b67de8900f021e06860f45d4dd
primary,candidate_B,latest_stage,normalized_regret,4,-0.009091296578802557,-0.012009824525397143,-0.0029185279465945863,retrospective_influence_no_class_deleted_from_main,301,9ed386af3e565cf6ed8b4cf6119bb9126795d5b67de8900f021e06860f45d4dd
primary,candidate_B,latest_stage,normalized_regret,5,-0.009091296578802557,-0.007891048900101682,0.0012002476787008748,retrospective_influence_no_class_deleted_from_main,345,9ed386af3e565cf6ed8b4cf6119bb9126795d5b67de8900f021e06860f45d4dd
primary,candidate_B,latest_stage,normalized_regret,6,-0.009091296578802557,-0.007804818003593417,0.0012864785752091396,retrospective_influence_no_class_deleted_from_main,384,9ed386af3e565cf6ed8b4cf6119bb9126795d5b67de8900f021e06860f45d4dd
primary,candidate_B,latest_stage,normalized_regret,7,-0.009091296578802557,-0.009404864948501084,-0.0003135683696985272,retrospective_influence_no_class_deleted_from_main,462,9ed386af3e565cf6ed8b4cf6119bb9126795d5b67de8900f021e06860f45d4dd
primary,candidate_B,latest_stage,normalized_regret,8,-0.009091296578802557,-0.010657594210852498,-0.0015662976320499414,retrospective_influence_no_class_deleted_from_main,511,9ed386af3e565cf6ed8b4cf6119bb9126795d5b67de8900f021e06860f45d4dd
primary,candidate_B,latest_stage,normalized_regret,9,-0.009091296578802557,-0.008467593022373742,0.0006237035564288142,retrospective_influence_no_class_deleted_from_main,568,9ed386af3e565cf6ed8b4cf6119bb9126795d5b67de8900f021e06860f45d4dd
primary,candidate_B,latest_stage,normalized_regret,10,-0.009091296578802557,-0.011368000330294281,-0.0022767037514917245,retrospective_influence_no_class_deleted_from_main,679,9ed386af3e565cf6ed8b4cf6119bb9126795d5b67de8900f021e06860f45d4dd
primary,candidate_B,latest_stage,normalized_regret,11,-0.009091296578802557,-0.008922903898754338,0.00016839268004821897,retrospective_influence_no_class_deleted_from_main,712,9ed386af3e565cf6ed8b4cf6119bb9126795d5b67de8900f021e06860f45d4dd
primary,candidate_B,latest_stage,normalized_regret,12,-0.009091296578802557,-0.007659793788302764,0.0014315027904997927,retrospective_influence_no_class_deleted_from_main,780,9ed386af3e565cf6ed8b4cf6119bb9126795d5b67de8900f021e06860f45d4dd
primary,candidate_B,latest_stage,normalized_regret,13,-0.009091296578802557,-0.0069207788933613405,0.0021705176854412162,retrospective_influence_no_class_deleted_from_main,870,9ed386af3e565cf6ed8b4cf6119bb9126795d5b67de8900f021e06860f45d4dd
primary,candidate_B,latest_stage,normalized_regret,14,-0.009091296578802557,-0.010960267991587551,-0.0018689714127849942,retrospective_influence_no_class_deleted_from_main,888,9ed386af3e565cf6ed8b4cf6119bb9126795d5b67de8900f021e06860f45d4dd
primary,candidate_B,latest_stage,normalized_regret,15,-0.009091296578802557,-0.010870456018810756,-0.001779159440008199,retrospective_influence_no_class_deleted_from_main,975,9ed386af3e565cf6ed8b4cf6119bb9126795d5b67de8900f021e06860f45d4dd
primary,candidate_B,latest_stage,oracle_hit,0,0.015624999999999986,0.013580246913580226,-0.00204475308641976,retrospective_influence_no_class_deleted_from_main,19,9ed386af3e565cf6ed8b4cf6119bb9126795d5b67de8900f021e06860f45d4dd
primary,candidate_B,latest_stage,oracle_hit,1,0.015624999999999986,0.012962962962962947,-0.002662037037037039,retrospective_influence_no_class_deleted_from_main,85,9ed386af3e565cf6ed8b4cf6119bb9126795d5b67de8900f021e06860f45d4dd
primary,candidate_B,latest_stage,oracle_hit,2,0.015624999999999986,0.016049382716049373,0.0004243827160493874,retrospective_influence_no_class_deleted_from_main,131,9ed386af3e565cf6ed8b4cf6119bb9126795d5b67de8900f021e06860f45d4dd
primary,candidate_B,latest_stage,oracle_hit,3,0.015624999999999986,0.016049382716049367,0.00042438271604938044,retrospective_influence_no_class_deleted_from_main,224,9ed386af3e565cf6ed8b4cf6119bb9126795d5b67de8900f021e06860f45d4dd
primary,candidate_B,latest_stage,oracle_hit,4,0.015624999999999986,0.020370370370370358,0.004745370370370372,retrospective_influence_no_class_deleted_from_main,301,9ed386af3e565cf6ed8b4cf6119bb9126795d5b67de8900f021e06860f45d4dd
primary,candidate_B,latest_stage,oracle_hit,5,0.015624999999999986,0.015432098765432086,-0.00019290123456790036,retrospective_influence_no_class_deleted_from_main,345,9ed386af3e565cf6ed8b4cf6119bb9126795d5b67de8900f021e06860f45d4dd
primary,candidate_B,latest_stage,oracle_hit,6,0.015624999999999986,0.013580246913580226,-0.00204475308641976,retrospective_influence_no_class_deleted_from_main,384,9ed386af3e565cf6ed8b4cf6119bb9126795d5b67de8900f021e06860f45d4dd
primary,candidate_B,latest_stage,oracle_hit,7,0.015624999999999986,0.013580246913580226,-0.00204475308641976,retrospective_influence_no_class_deleted_from_main,462,9ed386af3e565cf6ed8b4cf6119bb9126795d5b67de8900f021e06860f45d4dd
primary,candidate_B,latest_stage,oracle_hit,8,0.015624999999999986,0.014197530864197528,-0.0014274691358024585,retrospective_influence_no_class_deleted_from_main,511,9ed386af3e565cf6ed8b4cf6119bb9126795d5b67de8900f021e06860f45d4dd
primary,candidate_B,latest_stage,oracle_hit,9,0.015624999999999986,0.015432098765432086,-0.00019290123456790036,retrospective_influence_no_class_deleted_from_main,568,9ed386af3e565cf6ed8b4cf6119bb9126795d5b67de8900f021e06860f45d4dd
primary,candidate_B,latest_stage,oracle_hit,10,0.015624999999999986,0.01913580246913579,0.0035108024691358035,retrospective_influence_no_class_deleted_from_main,679,9ed386af3e565cf6ed8b4cf6119bb9126795d5b67de8900f021e06860f45d4dd
primary,candidate_B,latest_stage,oracle_hit,11,0.015624999999999986,0.016049382716049373,0.0004243827160493874,retrospective_influence_no_class_deleted_from_main,712,9ed386af3e565cf6ed8b4cf6119bb9126795d5b67de8900f021e06860f45d4dd
primary,candidate_B,latest_stage,oracle_hit,12,0.015624999999999986,0.01296296296296296,-0.0026620370370370253,retrospective_influence_no_class_deleted_from_main,780,9ed386af3e565cf6ed8b4cf6119bb9126795d5b67de8900f021e06860f45d4dd
primary,candidate_B,latest_stage,oracle_hit,13,0.015624999999999986,0.012345679012345668,-0.003279320987654318,retrospective_influence_no_class_deleted_from_main,870,9ed386af3e565cf6ed8b4cf6119bb9126795d5b67de8900f021e06860f45d4dd
primary,candidate_B,latest_stage,oracle_hit,14,0.015624999999999986,0.019753086419753072,0.004128086419753086,retrospective_influence_no_class_deleted_from_main,888,9ed386af3e565cf6ed8b4cf6119bb9126795d5b67de8900f021e06860f45d4dd
primary,candidate_B,latest_stage,oracle_hit,15,0.015624999999999986,0.018518518518518497,0.0028935185185185106,retrospective_influence_no_class_deleted_from_main,975,9ed386af3e565cf6ed8b4cf6119bb9126795d5b67de8900f021e06860f45d4dd
primary,hybrid,latest_stage,absolute_regret,0,0.16660797222310794,0.17726414343751737,0.010656171214409427,retrospective_influence_no_class_deleted_from_main,19,9ed386af3e565cf6ed8b4cf6119bb9126795d5b67de8900f021e06860f45d4dd
primary,hybrid,latest_stage,absolute_regret,1,0.16660797222310794,0.06438976761290358,-0.10221820461020437,retrospective_influence_no_class_deleted_from_main,85,9ed386af3e565cf6ed8b4cf6119bb9126795d5b67de8900f021e06860f45d4dd
primary,hybrid,latest_stage,absolute_regret,2,0.16660797222310794,0.1773385509558046,0.010730578732696672,retrospective_influence_no_class_deleted_from_main,131,9ed386af3e565cf6ed8b4cf6119bb9126795d5b67de8900f021e06860f45d4dd
primary,hybrid,latest_stage,absolute_regret,3,0.16660797222310794,0.176509613609466,0.009901641386358045,retrospective_influence_no_class_deleted_from_main,224,9ed386af3e565cf6ed8b4cf6119bb9126795d5b67de8900f021e06860f45d4dd
primary,hybrid,latest_stage,absolute_regret,4,0.16660797222310794,0.16201725212093054,-0.004590720102177398,retrospective_influence_no_class_deleted_from_main,301,9ed386af3e565cf6ed8b4cf6119bb9126795d5b67de8900f021e06860f45d4dd
primary,hybrid,latest_stage,absolute_regret,5,0.16660797222310794,0.17855068094847895,0.01194270872537101,retrospective_influence_no_class_deleted_from_main,345,9ed386af3e565cf6ed8b4cf6119bb9126795d5b67de8900f021e06860f45d4dd
primary,hybrid,latest_stage,absolute_regret,6,0.16660797222310794,0.17834744901146932,0.011739476788361375,retrospective_influence_no_class_deleted_from_main,384,9ed386af3e565cf6ed8b4cf6119bb9126795d5b67de8900f021e06860f45d4dd
primary,hybrid,latest_stage,absolute_regret,7,0.16660797222310794,0.17282057086862,0.006212598645512046,retrospective_influence_no_class_deleted_from_main,462,9ed386af3e565cf6ed8b4cf6119bb9126795d5b67de8900f021e06860f45d4dd
primary,hybrid,latest_stage,absolute_regret,8,0.16660797222310794,0.17741630914245923,0.010808336919351291,retrospective_influence_no_class_deleted_from_main,511,9ed386af3e565cf6ed8b4cf6119bb9126795d5b67de8900f021e06860f45d4dd
primary,hybrid,latest_stage,absolute_regret,9,0.16660797222310794,0.1762517727711084,0.009643800548000458,retrospective_influence_no_class_deleted_from_main,568,9ed386af3e565cf6ed8b4cf6119bb9126795d5b67de8900f021e06860f45d4dd
primary,hybrid,latest_stage,absolute_regret,10,0.16660797222310794,0.16720064180036737,0.0005926695772594248,retrospective_influence_no_class_deleted_from_main,679,9ed386af3e565cf6ed8b4cf6119bb9126795d5b67de8900f021e06860f45d4dd
primary,hybrid,latest_stage,absolute_regret,11,0.16660797222310794,0.17663951489533633,0.010031542672228388,retrospective_influence_no_class_deleted_from_main,712,9ed386af3e565cf6ed8b4cf6119bb9126795d5b67de8900f021e06860f45d4dd
primary,hybrid,latest_stage,absolute_regret,12,0.16660797222310794,0.179997635828579,0.013389663605471058,retrospective_influence_no_class_deleted_from_main,780,9ed386af3e565cf6ed8b4cf6119bb9126795d5b67de8900f021e06860f45d4dd
primary,hybrid,latest_stage,absolute_regret,13,0.16660797222310794,0.18078004579874993,0.014172073575641986,retrospective_influence_no_class_deleted_from_main,870,9ed386af3e565cf6ed8b4cf6119bb9126795d5b67de8900f021e06860f45d4dd
primary,hybrid,latest_stage,absolute_regret,14,0.16660797222310794,0.15613142604802438,-0.010476546175083562,retrospective_influence_no_class_deleted_from_main,888,9ed386af3e565cf6ed8b4cf6119bb9126795d5b67de8900f021e06860f45d4dd
primary,hybrid,latest_stage,absolute_regret,15,0.16660797222310794,0.1640721807199121,-0.0025357915031958556,retrospective_influence_no_class_deleted_from_main,975,9ed386af3e565cf6ed8b4cf6119bb9126795d5b67de8900f021e06860f45d4dd
primary,hybrid,latest_stage,normalized_regret,0,-0.009091296578802557,-0.008010944707008692,0.0010803518717938648,retrospective_influence_no_class_deleted_from_main,19,9ed386af3e565cf6ed8b4cf6119bb9126795d5b67de8900f021e06860f45d4dd
primary,hybrid,latest_stage,normalized_regret,1,-0.009091296578802557,-0.007367124731194474,0.0017241718476080827,retrospective_influence_no_class_deleted_from_main,85,9ed386af3e565cf6ed8b4cf6119bb9126795d5b67de8900f021e06860f45d4dd
primary,hybrid,latest_stage,normalized_regret,2,-0.009091296578802557,-0.007189635603379789,0.001901660975422768,retrospective_influence_no_class_deleted_from_main,131,9ed386af3e565cf6ed8b4cf6119bb9126795d5b67de8900f021e06860f45d4dd
primary,hybrid,latest_stage,normalized_regret,3,-0.009091296578802557,-0.00995509568732735,-0.0008637991085247935,retrospective_influence_no_class_deleted_from_main,224,9ed386af3e565cf6ed8b4cf6119bb9126795d5b67de8900f021e06860f45d4dd
primary,hybrid,latest_stage,normalized_regret,4,-0.009091296578802557,-0.012009824525397143,-0.0029185279465945863,retrospective_influence_no_class_deleted_from_main,301,9ed386af3e565cf6ed8b4cf6119bb9126795d5b67de8900f021e06860f45d4dd
primary,hybrid,latest_stage,normalized_regret,5,-0.009091296578802557,-0.007891048900101682,0.0012002476787008748,retrospective_influence_no_class_deleted_from_main,345,9ed386af3e565cf6ed8b4cf6119bb9126795d5b67de8900f021e06860f45d4dd
primary,hybrid,latest_stage,normalized_regret,6,-0.009091296578802557,-0.007804818003593417,0.0012864785752091396,retrospective_influence_no_class_deleted_from_main,384,9ed386af3e565cf6ed8b4cf6119bb9126795d5b67de8900f021e06860f45d4dd
primary,hybrid,latest_stage,normalized_regret,7,-0.009091296578802557,-0.009404864948501084,-0.0003135683696985272,retrospective_influence_no_class_deleted_from_main,462,9ed386af3e565cf6ed8b4cf6119bb9126795d5b67de8900f021e06860f45d4dd
primary,hybrid,latest_stage,normalized_regret,8,-0.009091296578802557,-0.010657594210852498,-0.0015662976320499414,retrospective_influence_no_class_deleted_from_main,511,9ed386af3e565cf6ed8b4cf6119bb9126795d5b67de8900f021e06860f45d4dd
primary,hybrid,latest_stage,normalized_regret,9,-0.009091296578802557,-0.008467593022373742,0.0006237035564288142,retrospective_influence_no_class_deleted_from_main,568,9ed386af3e565cf6ed8b4cf6119bb9126795d5b67de8900f021e06860f45d4dd
primary,hybrid,latest_stage,normalized_regret,10,-0.009091296578802557,-0.011368000330294281,-0.0022767037514917245,retrospective_influence_no_class_deleted_from_main,679,9ed386af3e565cf6ed8b4cf6119bb9126795d5b67de8900f021e06860f45d4dd
primary,hybrid,latest_stage,normalized_regret,11,-0.009091296578802557,-0.008922903898754338,0.00016839268004821897,retrospective_influence_no_class_deleted_from_main,712,9ed386af3e565cf6ed8b4cf6119bb9126795d5b67de8900f021e06860f45d4dd
primary,hybrid,latest_stage,normalized_regret,12,-0.009091296578802557,-0.007659793788302764,0.0014315027904997927,retrospective_influence_no_class_deleted_from_main,780,9ed386af3e565cf6ed8b4cf6119bb9126795d5b67de8900f021e06860f45d4dd
primary,hybrid,latest_stage,normalized_regret,13,-0.009091296578802557,-0.0069207788933613405,0.0021705176854412162,retrospective_influence_no_class_deleted_from_main,870,9ed386af3e565cf6ed8b4cf6119bb9126795d5b67de8900f021e06860f45d4dd
primary,hybrid,latest_stage,normalized_regret,14,-0.009091296578802557,-0.010960267991587551,-0.0018689714127849942,retrospective_influence_no_class_deleted_from_main,888,9ed386af3e565cf6ed8b4cf6119bb9126795d5b67de8900f021e06860f45d4dd
primary,hybrid,latest_stage,normalized_regret,15,-0.009091296578802557,-0.010870456018810756,-0.001779159440008199,retrospective_influence_no_class_deleted_from_main,975,9ed386af3e565cf6ed8b4cf6119bb9126795d5b67de8900f021e06860f45d4dd
primary,hybrid,latest_stage,oracle_hit,0,0.015624999999999986,0.013580246913580226,-0.00204475308641976,retrospective_influence_no_class_deleted_from_main,19,9ed386af3e565cf6ed8b4cf6119bb9126795d5b67de8900f021e06860f45d4dd
primary,hybrid,latest_stage,oracle_hit,1,0.015624999999999986,0.012962962962962947,-0.002662037037037039,retrospective_influence_no_class_deleted_from_main,85,9ed386af3e565cf6ed8b4cf6119bb9126795d5b67de8900f021e06860f45d4dd
primary,hybrid,latest_stage,oracle_hit,2,0.015624999999999986,0.016049382716049373,0.0004243827160493874,retrospective_influence_no_class_deleted_from_main,131,9ed386af3e565cf6ed8b4cf6119bb9126795d5b67de8900f021e06860f45d4dd
primary,hybrid,latest_stage,oracle_hit,3,0.015624999999999986,0.016049382716049367,0.00042438271604938044,retrospective_influence_no_class_deleted_from_main,224,9ed386af3e565cf6ed8b4cf6119bb9126795d5b67de8900f021e06860f45d4dd
primary,hybrid,latest_stage,oracle_hit,4,0.015624999999999986,0.020370370370370358,0.004745370370370372,retrospective_influence_no_class_deleted_from_main,301,9ed386af3e565cf6ed8b4cf6119bb9126795d5b67de8900f021e06860f45d4dd
primary,hybrid,latest_stage,oracle_hit,5,0.015624999999999986,0.015432098765432086,-0.00019290123456790036,retrospective_influence_no_class_deleted_from_main,345,9ed386af3e565cf6ed8b4cf6119bb9126795d5b67de8900f021e06860f45d4dd
primary,hybrid,latest_stage,oracle_hit,6,0.015624999999999986,0.013580246913580226,-0.00204475308641976,retrospective_influence_no_class_deleted_from_main,384,9ed386af3e565cf6ed8b4cf6119bb9126795d5b67de8900f021e06860f45d4dd
primary,hybrid,latest_stage,oracle_hit,7,0.015624999999999986,0.013580246913580226,-0.00204475308641976,retrospective_influence_no_class_deleted_from_main,462,9ed386af3e565cf6ed8b4cf6119bb9126795d5b67de8900f021e06860f45d4dd
primary,hybrid,latest_stage,oracle_hit,8,0.015624999999999986,0.014197530864197528,-0.0014274691358024585,retrospective_influence_no_class_deleted_from_main,511,9ed386af3e565cf6ed8b4cf6119bb9126795d5b67de8900f021e06860f45d4dd
primary,hybrid,latest_stage,oracle_hit,9,0.015624999999999986,0.015432098765432086,-0.00019290123456790036,retrospective_influence_no_class_deleted_from_main,568,9ed386af3e565cf6ed8b4cf6119bb9126795d5b67de8900f021e06860f45d4dd
primary,hybrid,latest_stage,oracle_hit,10,0.015624999999999986,0.01913580246913579,0.0035108024691358035,retrospective_influence_no_class_deleted_from_main,679,9ed386af3e565cf6ed8b4cf6119bb9126795d5b67de8900f021e06860f45d4dd
primary,hybrid,latest_stage,oracle_hit,11,0.015624999999999986,0.016049382716049373,0.0004243827160493874,retrospective_influence_no_class_deleted_from_main,712,9ed386af3e565cf6ed8b4cf6119bb9126795d5b67de8900f021e06860f45d4dd
primary,hybrid,latest_stage,oracle_hit,12,0.015624999999999986,0.01296296296296296,-0.0026620370370370253,retrospective_influence_no_class_deleted_from_main,780,9ed386af3e565cf6ed8b4cf6119bb9126795d5b67de8900f021e06860f45d4dd
primary,hybrid,latest_stage,oracle_hit,13,0.015624999999999986,0.012345679012345668,-0.003279320987654318,retrospective_influence_no_class_deleted_from_main,870,9ed386af3e565cf6ed8b4cf6119bb9126795d5b67de8900f021e06860f45d4dd
primary,hybrid,latest_stage,oracle_hit,14,0.015624999999999986,0.019753086419753072,0.004128086419753086,retrospective_influence_no_class_deleted_from_main,888,9ed386af3e565cf6ed8b4cf6119bb9126795d5b67de8900f021e06860f45d4dd
primary,hybrid,latest_stage,oracle_hit,15,0.015624999999999986,0.018518518518518497,0.0028935185185185106,retrospective_influence_no_class_deleted_from_main,975,9ed386af3e565cf6ed8b4cf6119bb9126795d5b67de8900f021e06860f45d4dd
primary,constant,latest_stage,absolute_regret,0,0.19092932286027847,0.2028707067617513,0.01194138390147284,retrospective_influence_no_class_deleted_from_main,19,9ed386af3e565cf6ed8b4cf6119bb9126795d5b67de8900f021e06860f45d4dd
primary,constant,latest_stage,absolute_regret,1,0.19092932286027847,0.08953873940339072,-0.10139058345688776,retrospective_influence_no_class_deleted_from_main,85,9ed386af3e565cf6ed8b4cf6119bb9126795d5b67de8900f021e06860f45d4dd
primary,constant,latest_stage,absolute_regret,2,0.19092932286027847,0.2035351237487967,0.012605800888518232,retrospective_influence_no_class_deleted_from_main,131,9ed386af3e565cf6ed8b4cf6119bb9126795d5b67de8900f021e06860f45d4dd
primary,constant,latest_stage,absolute_regret,3,0.19092932286027847,0.20221306480354997,0.011283741943271502,retrospective_influence_no_class_deleted_from_main,224,9ed386af3e565cf6ed8b4cf6119bb9126795d5b67de8900f021e06860f45d4dd
primary,constant,latest_stage,absolute_regret,4,0.19092932286027847,0.18720326058326262,-0.003726062277015857,retrospective_influence_no_class_deleted_from_main,301,9ed386af3e565cf6ed8b4cf6119bb9126795d5b67de8900f021e06860f45d4dd
primary,constant,latest_stage,absolute_regret,5,0.19092932286027847,0.20444300607713145,0.013513683216852979,retrospective_influence_no_class_deleted_from_main,345,9ed386af3e565cf6ed8b4cf6119bb9126795d5b67de8900f021e06860f45d4dd
primary,constant,latest_stage,absolute_regret,6,0.19092932286027847,0.20395274230136806,0.01302341944108959,retrospective_influence_no_class_deleted_from_main,384,9ed386af3e565cf6ed8b4cf6119bb9126795d5b67de8900f021e06860f45d4dd
primary,constant,latest_stage,absolute_regret,7,0.19092932286027847,0.19880743571466436,0.007878112854385888,retrospective_influence_no_class_deleted_from_main,462,9ed386af3e565cf6ed8b4cf6119bb9126795d5b67de8900f021e06860f45d4dd
primary,constant,latest_stage,absolute_regret,8,0.19092932286027847,0.20234605454072888,0.011416731680450404,retrospective_influence_no_class_deleted_from_main,511,9ed386af3e565cf6ed8b4cf6119bb9126795d5b67de8900f021e06860f45d4dd
primary,constant,latest_stage,absolute_regret,9,0.19092932286027847,0.1984638205463985,0.007534497686120023,retrospective_influence_no_class_deleted_from_main,568,9ed386af3e565cf6ed8b4cf6119bb9126795d5b67de8900f021e06860f45d4dd
primary,constant,latest_stage,absolute_regret,10,0.19092932286027847,0.182984908143464,-0.00794441471681448,retrospective_influence_no_class_deleted_from_main,679,9ed386af3e565cf6ed8b4cf6119bb9126795d5b67de8900f021e06860f45d4dd
primary,constant,latest_stage,absolute_regret,11,0.19092932286027847,0.2024811146507367,0.011551791790458232,retrospective_influence_no_class_deleted_from_main,712,9ed386af3e565cf6ed8b4cf6119bb9126795d5b67de8900f021e06860f45d4dd
primary,constant,latest_stage,absolute_regret,12,0.19092932286027847,0.20547603402241915,0.01454671116214068,retrospective_influence_no_class_deleted_from_main,780,9ed386af3e565cf6ed8b4cf6119bb9126795d5b67de8900f021e06860f45d4dd
primary,constant,latest_stage,absolute_regret,13,0.19092932286027847,0.20667030149180082,0.01574097863152235,retrospective_influence_no_class_deleted_from_main,870,9ed386af3e565cf6ed8b4cf6119bb9126795d5b67de8900f021e06860f45d4dd
primary,constant,latest_stage,absolute_regret,14,0.19092932286027847,0.18156774314211693,-0.009361579718161539,retrospective_influence_no_class_deleted_from_main,888,9ed386af3e565cf6ed8b4cf6119bb9126795d5b67de8900f021e06860f45d4dd
primary,constant,latest_stage,absolute_regret,15,0.19092932286027847,0.18231510983287522,-0.008614213027403256,retrospective_influence_no_class_deleted_from_main,975,9ed386af3e565cf6ed8b4cf6119bb9126795d5b67de8900f021e06860f45d4dd
primary,constant,latest_stage,normalized_regret,0,-0.006209597371886547,-0.005145570583247832,0.0010640267886387143,retrospective_influence_no_class_deleted_from_main,19,9ed386af3e565cf6ed8b4cf6119bb9126795d5b67de8900f021e06860f45d4dd
primary,constant,latest_stage,normalized_regret,1,-0.006209597371886547,-0.004897428991915428,0.0013121683799711186,retrospective_influence_no_class_deleted_from_main,85,9ed386af3e565cf6ed8b4cf6119bb9126795d5b67de8900f021e06860f45d4dd
primary,constant,latest_stage,normalized_regret,2,-0.006209597371886547,-0.0036365900254041036,0.002573007346482443,retrospective_influence_no_class_deleted_from_main,131,9ed386af3e565cf6ed8b4cf6119bb9126795d5b67de8900f021e06860f45d4dd
primary,constant,latest_stage,normalized_regret,3,-0.006209597371886547,-0.0060377130602436765,0.00017188431164287012,retrospective_influence_no_class_deleted_from_main,224,9ed386af3e565cf6ed8b4cf6119bb9126795d5b67de8900f021e06860f45d4dd
primary,constant,latest_stage,normalized_regret,4,-0.006209597371886547,-0.007802155116066325,-0.0015925577441797782,retrospective_influence_no_class_deleted_from_main,301,9ed386af3e565cf6ed8b4cf6119bb9126795d5b67de8900f021e06860f45d4dd
primary,constant,latest_stage,normalized_regret,5,-0.006209597371886547,-0.00497216411178669,0.0012374332600998562,retrospective_influence_no_class_deleted_from_main,345,9ed386af3e565cf6ed8b4cf6119bb9126795d5b67de8900f021e06860f45d4dd
primary,constant,latest_stage,normalized_regret,6,-0.006209597371886547,-0.00522452285993413,0.000985074511952417,retrospective_influence_no_class_deleted_from_main,384,9ed386af3e565cf6ed8b4cf6119bb9126795d5b67de8900f021e06860f45d4dd
primary,constant,latest_stage,normalized_regret,7,-0.006209597371886547,-0.006086945669215869,0.00012265170267067738,retrospective_influence_no_class_deleted_from_main,462,9ed386af3e565cf6ed8b4cf6119bb9126795d5b67de8900f021e06860f45d4dd
primary,constant,latest_stage,normalized_regret,8,-0.006209597371886547,-0.0077718303380263105,-0.0015622329661397639,retrospective_influence_no_class_deleted_from_main,511,9ed386af3e565cf6ed8b4cf6119bb9126795d5b67de8900f021e06860f45d4dd
primary,constant,latest_stage,normalized_regret,9,-0.006209597371886547,-0.0061404760977819646,6.912127410458203e-05,retrospective_influence_no_class_deleted_from_main,568,9ed386af3e565cf6ed8b4cf6119bb9126795d5b67de8900f021e06860f45d4dd
primary,constant,latest_stage,normalized_regret,10,-0.006209597371886547,-0.007873909529835871,-0.0016643121579493249,retrospective_influence_no_class_deleted_from_main,679,9ed386af3e565cf6ed8b4cf6119bb9126795d5b67de8900f021e06860f45d4dd
primary,constant,latest_stage,normalized_regret,11,-0.006209597371886547,-0.006887671180475261,-0.0006780738085887146,retrospective_influence_no_class_deleted_from_main,712,9ed386af3e565cf6ed8b4cf6119bb9126795d5b67de8900f021e06860f45d4dd
primary,constant,latest_stage,normalized_regret,12,-0.006209597371886547,-0.0052792753575463,0.0009303220143402468,retrospective_influence_no_class_deleted_from_main,780,9ed386af3e565cf6ed8b4cf6119bb9126795d5b67de8900f021e06860f45d4dd
primary,constant,latest_stage,normalized_regret,13,-0.006209597371886547,-0.0046891926099146995,0.001520404761971847,retrospective_influence_no_class_deleted_from_main,870,9ed386af3e565cf6ed8b4cf6119bb9126795d5b67de8900f021e06860f45d4dd
primary,constant,latest_stage,normalized_regret,14,-0.006209597371886547,-0.008675685380790488,-0.0024660880089039418,retrospective_influence_no_class_deleted_from_main,888,9ed386af3e565cf6ed8b4cf6119bb9126795d5b67de8900f021e06860f45d4dd
primary,constant,latest_stage,normalized_regret,15,-0.006209597371886547,-0.00823242703799981,-0.002022829666113264,retrospective_influence_no_class_deleted_from_main,975,9ed386af3e565cf6ed8b4cf6119bb9126795d5b67de8900f021e06860f45d4dd
primary,constant,latest_stage,oracle_hit,0,0.011574074074074063,0.009259259259259241,-0.0023148148148148216,retrospective_influence_no_class_deleted_from_main,19,9ed386af3e565cf6ed8b4cf6119bb9126795d5b67de8900f021e06860f45d4dd
primary,constant,latest_stage,oracle_hit,1,0.011574074074074063,0.009259259259259248,-0.0023148148148148147,retrospective_influence_no_class_deleted_from_main,85,9ed386af3e565cf6ed8b4cf6119bb9126795d5b67de8900f021e06860f45d4dd
primary,constant,latest_stage,oracle_hit,2,0.011574074074074063,0.009876543209876536,-0.001697530864197527,retrospective_influence_no_class_deleted_from_main,131,9ed386af3e565cf6ed8b4cf6119bb9126795d5b67de8900f021e06860f45d4dd
primary,constant,latest_stage,oracle_hit,3,0.011574074074074063,0.009876543209876543,-0.00169753086419752,retrospective_influence_no_class_deleted_from_main,224,9ed386af3e565cf6ed8b4cf6119bb9126795d5b67de8900f021e06860f45d4dd
primary,constant,latest_stage,oracle_hit,4,0.011574074074074063,0.014814814814814807,0.0032407407407407437,retrospective_influence_no_class_deleted_from_main,301,9ed386af3e565cf6ed8b4cf6119bb9126795d5b67de8900f021e06860f45d4dd
primary,constant,latest_stage,oracle_hit,5,0.011574074074074063,0.012345679012345668,0.0007716049382716049,retrospective_influence_no_class_deleted_from_main,345,9ed386af3e565cf6ed8b4cf6119bb9126795d5b67de8900f021e06860f45d4dd
primary,constant,latest_stage,oracle_hit,6,0.011574074074074063,0.00987654320987652,-0.0016975308641975426,retrospective_influence_no_class_deleted_from_main,384,9ed386af3e565cf6ed8b4cf6119bb9126795d5b67de8900f021e06860f45d4dd
primary,constant,latest_stage,oracle_hit,7,0.011574074074074063,0.008024691358024675,-0.0035493827160493884,retrospective_influence_no_class_deleted_from_main,462,9ed386af3e565cf6ed8b4cf6119bb9126795d5b67de8900f021e06860f45d4dd
primary,constant,latest_stage,oracle_hit,8,0.011574074074074063,0.012345679012345675,0.0007716049382716118,retrospective_influence_no_class_deleted_from_main,511,9ed386af3e565cf6ed8b4cf6119bb9126795d5b67de8900f021e06860f45d4dd
primary,constant,latest_stage,oracle_hit,9,0.011574074074074063,0.01172839506172838,0.00015432098765431716,retrospective_influence_no_class_deleted_from_main,568,9ed386af3e565cf6ed8b4cf6119bb9126795d5b67de8900f021e06860f45d4dd
primary,constant,latest_stage,oracle_hit,10,0.011574074074074063,0.01419753086419752,0.0026234567901234577,retrospective_influence_no_class_deleted_from_main,679,9ed386af3e565cf6ed8b4cf6119bb9126795d5b67de8900f021e06860f45d4dd
primary,constant,latest_stage,oracle_hit,11,0.011574074074074063,0.012962962962962954,0.001388888888888891,retrospective_influence_no_class_deleted_from_main,712,9ed386af3e565cf6ed8b4cf6119bb9126795d5b67de8900f021e06860f45d4dd
primary,constant,latest_stage,oracle_hit,12,0.011574074074074063,0.009876543209876536,-0.001697530864197527,retrospective_influence_no_class_deleted_from_main,780,9ed386af3e565cf6ed8b4cf6119bb9126795d5b67de8900f021e06860f45d4dd
primary,constant,latest_stage,oracle_hit,13,0.011574074074074063,0.008641975308641962,-0.0029320987654321007,retrospective_influence_no_class_deleted_from_main,870,9ed386af3e565cf6ed8b4cf6119bb9126795d5b67de8900f021e06860f45d4dd
primary,constant,latest_stage,oracle_hit,14,0.011574074074074063,0.01728395061728394,0.0057098765432098755,retrospective_influence_no_class_deleted_from_main,888,9ed386af3e565cf6ed8b4cf6119bb9126795d5b67de8900f021e06860f45d4dd
primary,constant,latest_stage,oracle_hit,15,0.011574074074074063,0.014814814814814807,0.0032407407407407437,retrospective_influence_no_class_deleted_from_main,975,9ed386af3e565cf6ed8b4cf6119bb9126795d5b67de8900f021e06860f45d4dd
primary,hybrid,energy,absolute_regret,0,-0.10632529049925843,-0.08711957323993644,0.01920571725932199,retrospective_influence_no_class_deleted_from_main,19,9ed386af3e565cf6ed8b4cf6119bb9126795d5b67de8900f021e06860f45d4dd
primary,hybrid,energy,absolute_regret,1,-0.10632529049925843,-0.10447536712688606,0.0018499233723723724,retrospective_influence_no_class_deleted_from_main,85,9ed386af3e565cf6ed8b4cf6119bb9126795d5b67de8900f021e06860f45d4dd
primary,hybrid,energy,absolute_regret,2,-0.10632529049925843,-0.10990183400393852,-0.003576543504680091,retrospective_influence_no_class_deleted_from_main,131,9ed386af3e565cf6ed8b4cf6119bb9126795d5b67de8900f021e06860f45d4dd
primary,hybrid,energy,absolute_regret,3,-0.10632529049925843,-0.11204634593025449,-0.005721055430996061,retrospective_influence_no_class_deleted_from_main,224,9ed386af3e565cf6ed8b4cf6119bb9126795d5b67de8900f021e06860f45d4dd
primary,hybrid,energy,absolute_regret,4,-0.10632529049925843,-0.10904473281743489,-0.00271944231817646,retrospective_influence_no_class_deleted_from_main,301,9ed386af3e565cf6ed8b4cf6119bb9126795d5b67de8900f021e06860f45d4dd
primary,hybrid,energy,absolute_regret,5,-0.10632529049925843,-0.11098056957230393,-0.0046552790730454985,retrospective_influence_no_class_deleted_from_main,345,9ed386af3e565cf6ed8b4cf6119bb9126795d5b67de8900f021e06860f45d4dd
primary,hybrid,energy,absolute_regret,6,-0.10632529049925843,-0.11222119978368354,-0.005895909284425113,retrospective_influence_no_class_deleted_from_main,384,9ed386af3e565cf6ed8b4cf6119bb9126795d5b67de8900f021e06860f45d4dd
primary,hybrid,energy,absolute_regret,7,-0.10632529049925843,-0.10942553076342063,-0.0031002402641621962,retrospective_influence_no_class_deleted_from_main,462,9ed386af3e565cf6ed8b4cf6119bb9126795d5b67de8900f021e06860f45d4dd
primary,hybrid,energy,absolute_regret,8,-0.10632529049925843,-0.10387784826779099,0.0024474422314674366,retrospective_influence_no_class_deleted_from_main,511,9ed386af3e565cf6ed8b4cf6119bb9126795d5b67de8900f021e06860f45d4dd
primary,hybrid,energy,absolute_regret,9,-0.10632529049925843,-0.10783313563753581,-0.0015078451382773833,retrospective_influence_no_class_deleted_from_main,568,9ed386af3e565cf6ed8b4cf6119bb9126795d5b67de8900f021e06860f45d4dd
primary,hybrid,energy,absolute_regret,10,-0.10632529049925843,-0.08705228534366997,0.019273005155588455,retrospective_influence_no_class_deleted_from_main,679,9ed386af3e565cf6ed8b4cf6119bb9126795d5b67de8900f021e06860f45d4dd
primary,hybrid,energy,absolute_regret,11,-0.10632529049925843,-0.10998693228686286,-0.0036616417876044333,retrospective_influence_no_class_deleted_from_main,712,9ed386af3e565cf6ed8b4cf6119bb9126795d5b67de8900f021e06860f45d4dd
primary,hybrid,energy,absolute_regret,12,-0.10632529049925843,-0.10864729557149728,-0.0023220050722388558,retrospective_influence_no_class_deleted_from_main,780,9ed386af3e565cf6ed8b4cf6119bb9126795d5b67de8900f021e06860f45d4dd
primary,hybrid,energy,absolute_regret,13,-0.10632529049925843,-0.10893430149559455,-0.0026090109963361197,retrospective_influence_no_class_deleted_from_main,870,9ed386af3e565cf6ed8b4cf6119bb9126795d5b67de8900f021e06860f45d4dd
primary,hybrid,energy,absolute_regret,14,-0.10632529049925843,-0.10953648155838981,-0.0032111910591313825,retrospective_influence_no_class_deleted_from_main,888,9ed386af3e565cf6ed8b4cf6119bb9126795d5b67de8900f021e06860f45d4dd
primary,hybrid,energy,absolute_regret,15,-0.10632529049925843,-0.11012121458893497,-0.003795924089676536,retrospective_influence_no_class_deleted_from_main,975,9ed386af3e565cf6ed8b4cf6119bb9126795d5b67de8900f021e06860f45d4dd
primary,hybrid,energy,normalized_regret,0,-0.14201775756807644,-0.14326020119394975,-0.0012424436258733074,retrospective_influence_no_class_deleted_from_main,19,9ed386af3e565cf6ed8b4cf6119bb9126795d5b67de8900f021e06860f45d4dd
primary,hybrid,energy,normalized_regret,1,-0.14201775756807644,-0.1434593330323861,-0.0014415754643096468,retrospective_influence_no_class_deleted_from_main,85,9ed386af3e565cf6ed8b4cf6119bb9126795d5b67de8900f021e06860f45d4dd
primary,hybrid,energy,normalized_regret,2,-0.14201775756807644,-0.1452302564270948,-0.0032124988590183645,retrospective_influence_no_class_deleted_from_main,131,9ed386af3e565cf6ed8b4cf6119bb9126795d5b67de8900f021e06860f45d4dd
primary,hybrid,energy,normalized_regret,3,-0.14201775756807644,-0.14228764877098124,-0.0002698912029047984,retrospective_influence_no_class_deleted_from_main,224,9ed386af3e565cf6ed8b4cf6119bb9126795d5b67de8900f021e06860f45d4dd
primary,hybrid,energy,normalized_regret,4,-0.14201775756807644,-0.14082391287572626,0.0011938446923501767,retrospective_influence_no_class_deleted_from_main,301,9ed386af3e565cf6ed8b4cf6119bb9126795d5b67de8900f021e06860f45d4dd
primary,hybrid,energy,normalized_regret,5,-0.14201775756807644,-0.14214923041447547,-0.0001314728463990278,retrospective_influence_no_class_deleted_from_main,345,9ed386af3e565cf6ed8b4cf6119bb9126795d5b67de8900f021e06860f45d4dd
primary,hybrid,energy,normalized_regret,6,-0.14201775756807644,-0.1408677897061575,0.0011499678619189546,retrospective_influence_no_class_deleted_from_main,384,9ed386af3e565cf6ed8b4cf6119bb9126795d5b67de8900f021e06860f45d4dd
primary,hybrid,energy,normalized_regret,7,-0.14201775756807644,-0.14296299309728316,-0.0009452355292067227,retrospective_influence_no_class_deleted_from_main,462,9ed386af3e565cf6ed8b4cf6119bb9126795d5b67de8900f021e06860f45d4dd
primary,hybrid,energy,normalized_regret,8,-0.14201775756807644,-0.14040683176657712,0.0016109258014993244,retrospective_influence_no_class_deleted_from_main,511,9ed386af3e565cf6ed8b4cf6119bb9126795d5b67de8900f021e06860f45d4dd
primary,hybrid,energy,normalized_regret,9,-0.14201775756807644,-0.14105581653484764,0.0009619410332288025,retrospective_influence_no_class_deleted_from_main,568,9ed386af3e565cf6ed8b4cf6119bb9126795d5b67de8900f021e06860f45d4dd
primary,hybrid,energy,normalized_regret,10,-0.14201775756807644,-0.14219930258713845,-0.00018154501906200715,retrospective_influence_no_class_deleted_from_main,679,9ed386af3e565cf6ed8b4cf6119bb9126795d5b67de8900f021e06860f45d4dd
primary,hybrid,energy,normalized_regret,11,-0.14201775756807644,-0.13946628358608806,0.002551473981988378,retrospective_influence_no_class_deleted_from_main,712,9ed386af3e565cf6ed8b4cf6119bb9126795d5b67de8900f021e06860f45d4dd
primary,hybrid,energy,normalized_regret,12,-0.14201775756807644,-0.14344738578761665,-0.0014296282195402077,retrospective_influence_no_class_deleted_from_main,780,9ed386af3e565cf6ed8b4cf6119bb9126795d5b67de8900f021e06860f45d4dd
primary,hybrid,energy,normalized_regret,13,-0.14201775756807644,-0.14231779300463934,-0.000300035436562901,retrospective_influence_no_class_deleted_from_main,870,9ed386af3e565cf6ed8b4cf6119bb9126795d5b67de8900f021e06860f45d4dd
primary,hybrid,energy,normalized_regret,14,-0.14201775756807644,-0.14131787743037819,0.0006998801376982555,retrospective_influence_no_class_deleted_from_main,888,9ed386af3e565cf6ed8b4cf6119bb9126795d5b67de8900f021e06860f45d4dd
primary,hybrid,energy,normalized_regret,15,-0.14201775756807644,-0.14103146487388346,0.0009862926941929806,retrospective_influence_no_class_deleted_from_main,975,9ed386af3e565cf6ed8b4cf6119bb9126795d5b67de8900f021e06860f45d4dd
primary,hybrid,energy,oracle_hit,0,0.27372685185185186,0.27469135802469136,0.0009645061728394966,retrospective_influence_no_class_deleted_from_main,19,9ed386af3e565cf6ed8b4cf6119bb9126795d5b67de8900f021e06860f45d4dd
primary,hybrid,energy,oracle_hit,1,0.27372685185185186,0.27716049382716046,0.003433641975308599,retrospective_influence_no_class_deleted_from_main,85,9ed386af3e565cf6ed8b4cf6119bb9126795d5b67de8900f021e06860f45d4dd
primary,hybrid,energy,oracle_hit,2,0.27372685185185186,0.2802469135802469,0.006520061728395032,retrospective_influence_no_class_deleted_from_main,131,9ed386af3e565cf6ed8b4cf6119bb9126795d5b67de8900f021e06860f45d4dd
primary,hybrid,energy,oracle_hit,3,0.27372685185185186,0.2728395061728394,-0.0008873456790124412,retrospective_influence_no_class_deleted_from_main,224,9ed386af3e565cf6ed8b4cf6119bb9126795d5b67de8900f021e06860f45d4dd
primary,hybrid,energy,oracle_hit,4,0.27372685185185186,0.2716049382716049,-0.002121913580246937,retrospective_influence_no_class_deleted_from_main,301,9ed386af3e565cf6ed8b4cf6119bb9126795d5b67de8900f021e06860f45d4dd
primary,hybrid,energy,oracle_hit,5,0.27372685185185186,0.2765432098765432,0.0028163580246913233,retrospective_influence_no_class_deleted_from_main,345,9ed386af3e565cf6ed8b4cf6119bb9126795d5b67de8900f021e06860f45d4dd
primary,hybrid,energy,oracle_hit,6,0.27372685185185186,0.2716049382716049,-0.002121913580246937,retrospective_influence_no_class_deleted_from_main,384,9ed386af3e565cf6ed8b4cf6119bb9126795d5b67de8900f021e06860f45d4dd
primary,hybrid,energy,oracle_hit,7,0.27372685185185186,0.2709876543209876,-0.002739197530864268,retrospective_influence_no_class_deleted_from_main,462,9ed386af3e565cf6ed8b4cf6119bb9126795d5b67de8900f021e06860f45d4dd
primary,hybrid,energy,oracle_hit,8,0.27372685185185186,0.2728395061728394,-0.0008873456790124412,retrospective_influence_no_class_deleted_from_main,511,9ed386af3e565cf6ed8b4cf6119bb9126795d5b67de8900f021e06860f45d4dd
primary,hybrid,energy,oracle_hit,9,0.27372685185185186,0.27345679012345675,-0.0002700617283951101,retrospective_influence_no_class_deleted_from_main,568,9ed386af3e565cf6ed8b4cf6119bb9126795d5b67de8900f021e06860f45d4dd
primary,hybrid,energy,oracle_hit,10,0.27372685185185186,0.27345679012345675,-0.0002700617283951101,retrospective_influence_no_class_deleted_from_main,679,9ed386af3e565cf6ed8b4cf6119bb9126795d5b67de8900f021e06860f45d4dd
primary,hybrid,energy,oracle_hit,11,0.27372685185185186,0.26913580246913577,-0.004591049382716095,retrospective_influence_no_class_deleted_from_main,712,9ed386af3e565cf6ed8b4cf6119bb9126795d5b67de8900f021e06860f45d4dd
primary,hybrid,energy,oracle_hit,12,0.27372685185185186,0.27345679012345675,-0.0002700617283951101,retrospective_influence_no_class_deleted_from_main,780,9ed386af3e565cf6ed8b4cf6119bb9126795d5b67de8900f021e06860f45d4dd
primary,hybrid,energy,oracle_hit,13,0.27372685185185186,0.27777777777777773,0.0040509259259258745,retrospective_influence_no_class_deleted_from_main,870,9ed386af3e565cf6ed8b4cf6119bb9126795d5b67de8900f021e06860f45d4dd
primary,hybrid,energy,oracle_hit,14,0.27372685185185186,0.27222222222222214,-0.0015046296296297168,retrospective_influence_no_class_deleted_from_main,888,9ed386af3e565cf6ed8b4cf6119bb9126795d5b67de8900f021e06860f45d4dd
primary,hybrid,energy,oracle_hit,15,0.27372685185185186,0.27160493827160487,-0.0021219135802469924,retrospective_influence_no_class_deleted_from_main,975,9ed386af3e565cf6ed8b4cf6119bb9126795d5b67de8900f021e06860f45d4dd
primary,hybrid,constant,absolute_regret,0,-0.02432135063717053,-0.025606563324233982,-0.0012852126870634521,retrospective_influence_no_class_deleted_from_main,19,9ed386af3e565cf6ed8b4cf6119bb9126795d5b67de8900f021e06860f45d4dd
primary,hybrid,constant,absolute_regret,1,-0.02432135063717053,-0.02514897179048714,-0.00082762115331661,retrospective_influence_no_class_deleted_from_main,85,9ed386af3e565cf6ed8b4cf6119bb9126795d5b67de8900f021e06860f45d4dd
primary,hybrid,constant,absolute_regret,2,-0.02432135063717053,-0.026196572792992145,-0.0018752221558216153,retrospective_influence_no_class_deleted_from_main,131,9ed386af3e565cf6ed8b4cf6119bb9126795d5b67de8900f021e06860f45d4dd
primary,hybrid,constant,absolute_regret,3,-0.02432135063717053,-0.025703451194084036,-0.0013821005569135056,retrospective_influence_no_class_deleted_from_main,224,9ed386af3e565cf6ed8b4cf6119bb9126795d5b67de8900f021e06860f45d4dd
primary,hybrid,constant,absolute_regret,4,-0.02432135063717053,-0.025186008462332068,-0.0008646578251615376,retrospective_influence_no_class_deleted_from_main,301,9ed386af3e565cf6ed8b4cf6119bb9126795d5b67de8900f021e06860f45d4dd
primary,hybrid,constant,absolute_regret,5,-0.02432135063717053,-0.025892325128652523,-0.0015709744914819933,retrospective_influence_no_class_deleted_from_main,345,9ed386af3e565cf6ed8b4cf6119bb9126795d5b67de8900f021e06860f45d4dd
primary,hybrid,constant,absolute_regret,6,-0.02432135063717053,-0.02560529328989878,-0.0012839426527282496,retrospective_influence_no_class_deleted_from_main,384,9ed386af3e565cf6ed8b4cf6119bb9126795d5b67de8900f021e06860f45d4dd
primary,hybrid,constant,absolute_regret,7,-0.02432135063717053,-0.025986864846044413,-0.0016655142088738834,retrospective_influence_no_class_deleted_from_main,462,9ed386af3e565cf6ed8b4cf6119bb9126795d5b67de8900f021e06860f45d4dd
primary,hybrid,constant,absolute_regret,8,-0.02432135063717053,-0.024929745398269657,-0.0006083947610991264,retrospective_influence_no_class_deleted_from_main,511,9ed386af3e565cf6ed8b4cf6119bb9126795d5b67de8900f021e06860f45d4dd
primary,hybrid,constant,absolute_regret,9,-0.02432135063717053,-0.022212047775290077,0.002109302861880453,retrospective_influence_no_class_deleted_from_main,568,9ed386af3e565cf6ed8b4cf6119bb9126795d5b67de8900f021e06860f45d4dd
primary,hybrid,constant,absolute_regret,10,-0.02432135063717053,-0.015784266343096615,0.008537084294073915,retrospective_influence_no_class_deleted_from_main,679,9ed386af3e565cf6ed8b4cf6119bb9126795d5b67de8900f021e06860f45d4dd
primary,hybrid,constant,absolute_regret,11,-0.02432135063717053,-0.02584159975540039,-0.0015202491182298612,retrospective_influence_no_class_deleted_from_main,712,9ed386af3e565cf6ed8b4cf6119bb9126795d5b67de8900f021e06860f45d4dd
primary,hybrid,constant,absolute_regret,12,-0.02432135063717053,-0.025478398193840138,-0.0011570475566696076,retrospective_influence_no_class_deleted_from_main,780,9ed386af3e565cf6ed8b4cf6119bb9126795d5b67de8900f021e06860f45d4dd
primary,hybrid,constant,absolute_regret,13,-0.02432135063717053,-0.025890255693050885,-0.0015689050558803548,retrospective_influence_no_class_deleted_from_main,870,9ed386af3e565cf6ed8b4cf6119bb9126795d5b67de8900f021e06860f45d4dd
primary,hybrid,constant,absolute_regret,14,-0.02432135063717053,-0.025436317094092522,-0.0011149664569219918,retrospective_influence_no_class_deleted_from_main,888,9ed386af3e565cf6ed8b4cf6119bb9126795d5b67de8900f021e06860f45d4dd
primary,hybrid,constant,absolute_regret,15,-0.02432135063717053,-0.018242929112963123,0.006078421524207407,retrospective_influence_no_class_deleted_from_main,975,9ed386af3e565cf6ed8b4cf6119bb9126795d5b67de8900f021e06860f45d4dd
primary,hybrid,constant,normalized_regret,0,-0.00288169920691601,-0.0028653741237608596,1.6325083155150494e-05,retrospective_influence_no_class_deleted_from_main,19,9ed386af3e565cf6ed8b4cf6119bb9126795d5b67de8900f021e06860f45d4dd
primary,hybrid,constant,normalized_regret,1,-0.00288169920691601,-0.0024696957392790486,0.00041200346763696147,retrospective_influence_no_class_deleted_from_main,85,9ed386af3e565cf6ed8b4cf6119bb9126795d5b67de8900f021e06860f45d4dd
primary,hybrid,constant,normalized_regret,2,-0.00288169920691601,-0.0035530455779756867,-0.0006713463710596767,retrospective_influence_no_class_deleted_from_main,131,9ed386af3e565cf6ed8b4cf6119bb9126795d5b67de8900f021e06860f45d4dd
primary,hybrid,constant,normalized_regret,3,-0.00288169920691601,-0.0039173826270836746,-0.0010356834201676645,retrospective_influence_no_class_deleted_from_main,224,9ed386af3e565cf6ed8b4cf6119bb9126795d5b67de8900f021e06860f45d4dd
primary,hybrid,constant,normalized_regret,4,-0.00288169920691601,-0.004207669409330818,-0.001325970202414808,retrospective_influence_no_class_deleted_from_main,301,9ed386af3e565cf6ed8b4cf6119bb9126795d5b67de8900f021e06860f45d4dd
primary,hybrid,constant,normalized_regret,5,-0.00288169920691601,-0.002918884788314991,-3.718558139898095e-05,retrospective_influence_no_class_deleted_from_main,345,9ed386af3e565cf6ed8b4cf6119bb9126795d5b67de8900f021e06860f45d4dd
primary,hybrid,constant,normalized_regret,6,-0.00288169920691601,-0.002580295143659288,0.00030140406325672225,retrospective_influence_no_class_deleted_from_main,384,9ed386af3e565cf6ed8b4cf6119bb9126795d5b67de8900f021e06860f45d4dd
primary,hybrid,constant,normalized_regret,7,-0.00288169920691601,-0.003317919279285215,-0.000436220072369205,retrospective_influence_no_class_deleted_from_main,462,9ed386af3e565cf6ed8b4cf6119bb9126795d5b67de8900f021e06860f45d4dd
primary,hybrid,constant,normalized_regret,8,-0.00288169920691601,-0.0028857638728261898,-4.064665910179666e-06,retrospective_influence_no_class_deleted_from_main,511,9ed386af3e565cf6ed8b4cf6119bb9126795d5b67de8900f021e06860f45d4dd
primary,hybrid,constant,normalized_regret,9,-0.00288169920691601,-0.0023271169245917805,0.0005545822823242296,retrospective_influence_no_class_deleted_from_main,568,9ed386af3e565cf6ed8b4cf6119bb9126795d5b67de8900f021e06860f45d4dd
primary,hybrid,constant,normalized_regret,10,-0.00288169920691601,-0.0034940908004584105,-0.0006123915935424004,retrospective_influence_no_class_deleted_from_main,679,9ed386af3e565cf6ed8b4cf6119bb9126795d5b67de8900f021e06860f45d4dd
primary,hybrid,constant,normalized_regret,11,-0.00288169920691601,-0.0020352327182790787,0.0008464664886369314,retrospective_influence_no_class_deleted_from_main,712,9ed386af3e565cf6ed8b4cf6119bb9126795d5b67de8900f021e06860f45d4dd
primary,hybrid,constant,normalized_regret,12,-0.00288169920691601,-0.0023805184307564655,0.0005011807761595446,retrospective_influence_no_class_deleted_from_main,780,9ed386af3e565cf6ed8b4cf6119bb9126795d5b67de8900f021e06860f45d4dd
primary,hybrid,constant,normalized_regret,13,-0.00288169920691601,-0.002231586283446644,0.0006501129234693661,retrospective_influence_no_class_deleted_from_main,870,9ed386af3e565cf6ed8b4cf6119bb9126795d5b67de8900f021e06860f45d4dd
primary,hybrid,constant,normalized_regret,14,-0.00288169920691601,-0.002284582610797064,0.0005971165961189463,retrospective_influence_no_class_deleted_from_main,888,9ed386af3e565cf6ed8b4cf6119bb9126795d5b67de8900f021e06860f45d4dd
primary,hybrid,constant,normalized_regret,15,-0.00288169920691601,-0.0026380289808109474,0.0002436702261050627,retrospective_influence_no_class_deleted_from_main,975,9ed386af3e565cf6ed8b4cf6119bb9126795d5b67de8900f021e06860f45d4dd
primary,hybrid,constant,oracle_hit,0,0.004050925925925923,0.004320987654320985,0.00027006172839506154,retrospective_influence_no_class_deleted_from_main,19,9ed386af3e565cf6ed8b4cf6119bb9126795d5b67de8900f021e06860f45d4dd
primary,hybrid,constant,oracle_hit,1,0.004050925925925923,0.0037037037037036978,-0.0003472222222222253,retrospective_influence_no_class_deleted_from_main,85,9ed386af3e565cf6ed8b4cf6119bb9126795d5b67de8900f021e06860f45d4dd
primary,hybrid,constant,oracle_hit,2,0.004050925925925923,0.006172839506172837,0.0021219135802469143,retrospective_influence_no_class_deleted_from_main,131,9ed386af3e565cf6ed8b4cf6119bb9126795d5b67de8900f021e06860f45d4dd
primary,hybrid,constant,oracle_hit,3,0.004050925925925923,0.006172839506172823,0.0021219135802468996,retrospective_influence_no_class_deleted_from_main,224,9ed386af3e565cf6ed8b4cf6119bb9126795d5b67de8900f021e06860f45d4dd
primary,hybrid,constant,oracle_hit,4,0.004050925925925923,0.0055555555555555506,0.0015046296296296275,retrospective_influence_no_class_deleted_from_main,301,9ed386af3e565cf6ed8b4cf6119bb9126795d5b67de8900f021e06860f45d4dd
primary,hybrid,constant,oracle_hit,5,0.004050925925925923,0.0030864197530864187,-0.0009645061728395044,retrospective_influence_no_class_deleted_from_main,345,9ed386af3e565cf6ed8b4cf6119bb9126795d5b67de8900f021e06860f45d4dd
primary,hybrid,constant,oracle_hit,6,0.004050925925925923,0.003703703703703705,-0.00034722222222221795,retrospective_influence_no_class_deleted_from_main,384,9ed386af3e565cf6ed8b4cf6119bb9126795d5b67de8900f021e06860f45d4dd
primary,hybrid,constant,oracle_hit,7,0.004050925925925923,0.0055555555555555506,0.0015046296296296275,retrospective_influence_no_class_deleted_from_main,462,9ed386af3e565cf6ed8b4cf6119bb9126795d5b67de8900f021e06860f45d4dd
primary,hybrid,constant,oracle_hit,8,0.004050925925925923,0.0018518518518518526,-0.0021990740740740703,retrospective_influence_no_class_deleted_from_main,511,9ed386af3e565cf6ed8b4cf6119bb9126795d5b67de8900f021e06860f45d4dd
primary,hybrid,constant,oracle_hit,9,0.004050925925925923,0.003703703703703705,-0.00034722222222221795,retrospective_influence_no_class_deleted_from_main,568,9ed386af3e565cf6ed8b4cf6119bb9126795d5b67de8900f021e06860f45d4dd
primary,hybrid,constant,oracle_hit,10,0.004050925925925923,0.0049382716049382715,0.0008873456790123484,retrospective_influence_no_class_deleted_from_main,679,9ed386af3e565cf6ed8b4cf6119bb9126795d5b67de8900f021e06860f45d4dd
primary,hybrid,constant,oracle_hit,11,0.004050925925925923,0.0030864197530864187,-0.0009645061728395044,retrospective_influence_no_class_deleted_from_main,712,9ed386af3e565cf6ed8b4cf6119bb9126795d5b67de8900f021e06860f45d4dd
primary,hybrid,constant,oracle_hit,12,0.004050925925925923,0.003086419753086426,-0.000964506172839497,retrospective_influence_no_class_deleted_from_main,780,9ed386af3e565cf6ed8b4cf6119bb9126795d5b67de8900f021e06860f45d4dd
primary,hybrid,constant,oracle_hit,13,0.004050925925925923,0.003703703703703705,-0.00034722222222221795,retrospective_influence_no_class_deleted_from_main,870,9ed386af3e565cf6ed8b4cf6119bb9126795d5b67de8900f021e06860f45d4dd
primary,hybrid,constant,oracle_hit,14,0.004050925925925923,0.002469135802469132,-0.0015817901234567912,retrospective_influence_no_class_deleted_from_main,888,9ed386af3e565cf6ed8b4cf6119bb9126795d5b67de8900f021e06860f45d4dd
primary,hybrid,constant,oracle_hit,15,0.004050925925925923,0.0037037037037036904,-0.0003472222222222327,retrospective_influence_no_class_deleted_from_main,975,9ed386af3e565cf6ed8b4cf6119bb9126795d5b67de8900f021e06860f45d4dd
