source_file,key,field,main,reference,abs_diff,tolerance,scaled_error,source_observations_sha256
matched_cost_regret_summary.csv,primary/constant/absolute_regret,point,0.2108042844121087,0.2108042844121087,0.0,2.208042844121087e-11,0.0,9ed386af3e565cf6ed8b4cf6119bb9126795d5b67de8900f021e06860f45d4dd
matched_cost_regret_summary.csv,primary/constant/absolute_regret,low,0.06302953650198005,0.06302953650198005,0.0,7.302953650198005e-12,0.0,9ed386af3e565cf6ed8b4cf6119bb9126795d5b67de8900f021e06860f45d4dd
matched_cost_regret_summary.csv,primary/constant/absolute_regret,high,0.4368094971345909,0.4368094971345909,0.0,4.468094971345909e-11,0.0,9ed386af3e565cf6ed8b4cf6119bb9126795d5b67de8900f021e06860f45d4dd
matched_cost_regret_summary.csv,primary/constant/absolute_regret,lower95,0.07416036900513634,0.07416036900513634,0.0,8.416036900513634e-12,0.0,9ed386af3e565cf6ed8b4cf6119bb9126795d5b67de8900f021e06860f45d4dd
matched_cost_regret_summary.csv,primary/constant/absolute_regret,upper95,0.4025870736935533,0.4025870736935533,0.0,4.1258707369355335e-11,0.0,9ed386af3e565cf6ed8b4cf6119bb9126795d5b67de8900f021e06860f45d4dd
matched_cost_regret_summary.csv,primary/constant/normalized_regret,point,0.04601709222557546,0.04601709222557546,0.0,5.601709222557546e-12,0.0,9ed386af3e565cf6ed8b4cf6119bb9126795d5b67de8900f021e06860f45d4dd
matched_cost_regret_summary.csv,primary/constant/normalized_regret,low,0.04157486394060079,0.04157486394060079,0.0,5.157486394060079e-12,0.0,9ed386af3e565cf6ed8b4cf6119bb9126795d5b67de8900f021e06860f45d4dd
matched_cost_regret_summary.csv,primary/constant/normalized_regret,high,0.05073311387090411,0.05073311387090411,0.0,6.073311387090411e-12,0.0,9ed386af3e565cf6ed8b4cf6119bb9126795d5b67de8900f021e06860f45d4dd
matched_cost_regret_summary.csv,primary/constant/normalized_regret,lower95,0.04222249751419234,0.04222249751419234,0.0,5.222249751419234e-12,0.0,9ed386af3e565cf6ed8b4cf6119bb9126795d5b67de8900f021e06860f45d4dd
matched_cost_regret_summary.csv,primary/constant/normalized_regret,upper95,0.04994255968939477,0.04994255968939477,0.0,5.994255968939477e-12,0.0,9ed386af3e565cf6ed8b4cf6119bb9126795d5b67de8900f021e06860f45d4dd
matched_cost_regret_summary.csv,primary/constant/oracle_hit,point,0.9021990740740741,0.9021990740740741,0.0,9.12199074074074e-11,0.0,9ed386af3e565cf6ed8b4cf6119bb9126795d5b67de8900f021e06860f45d4dd
matched_cost_regret_summary.csv,primary/constant/oracle_hit,low,0.8912037037037037,0.8912037037037037,0.0,9.012037037037037e-11,0.0,9ed386af3e565cf6ed8b4cf6119bb9126795d5b67de8900f021e06860f45d4dd
matched_cost_regret_summary.csv,primary/constant/oracle_hit,high,0.9131944444444444,0.9131944444444444,0.0,9.231944444444444e-11,0.0,9ed386af3e565cf6ed8b4cf6119bb9126795d5b67de8900f021e06860f45d4dd
matched_cost_regret_summary.csv,primary/constant/oracle_hit,lower95,0.8929398148148149,0.8929398148148149,0.0,9.029398148148149e-11,0.0,9ed386af3e565cf6ed8b4cf6119bb9126795d5b67de8900f021e06860f45d4dd
matched_cost_regret_summary.csv,primary/constant/oracle_hit,upper95,0.9114583333333333,0.9114583333333333,0.0,9.214583333333333e-11,0.0,9ed386af3e565cf6ed8b4cf6119bb9126795d5b67de8900f021e06860f45d4dd
matched_cost_regret_summary.csv,primary/energy/absolute_regret,point,0.2928082242741966,0.2928082242741966,0.0,3.028082242741967e-11,0.0,9ed386af3e565cf6ed8b4cf6119bb9126795d5b67de8900f021e06860f45d4dd
matched_cost_regret_summary.csv,primary/energy/absolute_regret,low,0.12929630935998296,0.12929630935998296,0.0,1.3929630935998297e-11,0.0,9ed386af3e565cf6ed8b4cf6119bb9126795d5b67de8900f021e06860f45d4dd
matched_cost_regret_summary.csv,primary/energy/absolute_regret,high,0.5305891380520671,0.5305891380520671,0.0,5.405891380520671e-11,0.0,9ed386af3e565cf6ed8b4cf6119bb9126795d5b67de8900f021e06860f45d4dd
matched_cost_regret_summary.csv,primary/energy/absolute_regret,lower95,0.14370072445777607,0.14370072445777607,0.0,1.5370072445777607e-11,0.0,9ed386af3e565cf6ed8b4cf6119bb9126795d5b67de8900f021e06860f45d4dd
matched_cost_regret_summary.csv,primary/energy/absolute_regret,upper95,0.49064065508748406,0.49064065508748406,0.0,5.006406550874841e-11,0.0,9ed386af3e565cf6ed8b4cf6119bb9126795d5b67de8900f021e06860f45d4dd
matched_cost_regret_summary.csv,primary/energy/normalized_regret,point,0.18515315058673593,0.18515315058673593,0.0,1.9515315058673592e-11,0.0,9ed386af3e565cf6ed8b4cf6119bb9126795d5b67de8900f021e06860f45d4dd
matched_cost_regret_summary.csv,primary/energy/normalized_regret,low,0.1738694999988509,0.1738694999988509,0.0,1.838694999988509e-11,0.0,9ed386af3e565cf6ed8b4cf6119bb9126795d5b67de8900f021e06860f45d4dd
matched_cost_regret_summary.csv,primary/energy/normalized_regret,high,0.19630914744397476,0.19630914744397476,0.0,2.0630914744397477e-11,0.0,9ed386af3e565cf6ed8b4cf6119bb9126795d5b67de8900f021e06860f45d4dd
matched_cost_regret_summary.csv,primary/energy/normalized_regret,lower95,0.17545541595238162,0.17545541595238162,0.0,1.8545541595238162e-11,0.0,9ed386af3e565cf6ed8b4cf6119bb9126795d5b67de8900f021e06860f45d4dd
matched_cost_regret_summary.csv,primary/energy/normalized_regret,upper95,0.19453249541508882,0.19453249541508885,2.7755575615628914e-17,2.0453249541508886e-11,1.3570252276686063e-06,9ed386af3e565cf6ed8b4cf6119bb9126795d5b67de8900f021e06860f45d4dd
matched_cost_regret_summary.csv,primary/energy/oracle_hit,point,0.6325231481481481,0.6325231481481481,0.0,6.425231481481481e-11,0.0,9ed386af3e565cf6ed8b4cf6119bb9126795d5b67de8900f021e06860f45d4dd
matched_cost_regret_summary.csv,primary/energy/oracle_hit,low,0.6157407407407407,0.6157407407407407,0.0,6.257407407407407e-11,0.0,9ed386af3e565cf6ed8b4cf6119bb9126795d5b67de8900f021e06860f45d4dd
matched_cost_regret_summary.csv,primary/energy/oracle_hit,high,0.6498842592592593,0.6498842592592593,0.0,6.598842592592593e-11,0.0,9ed386af3e565cf6ed8b4cf6119bb9126795d5b67de8900f021e06860f45d4dd
matched_cost_regret_summary.csv,primary/energy/oracle_hit,lower95,0.6180555555555556,0.6180555555555556,0.0,6.280555555555555e-11,0.0,9ed386af3e565cf6ed8b4cf6119bb9126795d5b67de8900f021e06860f45d4dd
matched_cost_regret_summary.csv,primary/energy/oracle_hit,upper95,0.6469907407407407,0.6469907407407407,0.0,6.569907407407407e-11,0.0,9ed386af3e565cf6ed8b4cf6119bb9126795d5b67de8900f021e06860f45d4dd
matched_cost_regret_summary.csv,primary/candidate_B/absolute_regret,point,0.18648293377493813,0.18648293377493813,0.0,1.9648293377493813e-11,0.0,9ed386af3e565cf6ed8b4cf6119bb9126795d5b67de8900f021e06860f45d4dd
matched_cost_regret_summary.csv,primary/candidate_B/absolute_regret,low,0.04735443295013846,0.04735443295013846,0.0,5.7354432950138465e-12,0.0,9ed386af3e565cf6ed8b4cf6119bb9126795d5b67de8900f021e06860f45d4dd
matched_cost_regret_summary.csv,primary/candidate_B/absolute_regret,high,0.40853177105929345,0.40853177105929345,0.0,4.185317710592935e-11,0.0,9ed386af3e565cf6ed8b4cf6119bb9126795d5b67de8900f021e06860f45d4dd
matched_cost_regret_summary.csv,primary/candidate_B/absolute_regret,lower95,0.0562652540654004,0.0562652540654004,0.0,6.62652540654004e-12,0.0,9ed386af3e565cf6ed8b4cf6119bb9126795d5b67de8900f021e06860f45d4dd
matched_cost_regret_summary.csv,primary/candidate_B/absolute_regret,upper95,0.381590627317738,0.381590627317738,0.0,3.9159062731773806e-11,0.0,9ed386af3e565cf6ed8b4cf6119bb9126795d5b67de8900f021e06860f45d4dd
matched_cost_regret_summary.csv,primary/candidate_B/normalized_regret,point,0.04313539301865944,0.04313539301865944,0.0,5.313539301865944e-12,0.0,9ed386af3e565cf6ed8b4cf6119bb9126795d5b67de8900f021e06860f45d4dd
matched_cost_regret_summary.csv,primary/candidate_B/normalized_regret,low,0.0368728479061172,0.036872847906117195,6.938893903907228e-18,4.687284790611719e-12,1.4803653317172692e-06,9ed386af3e565cf6ed8b4cf6119bb9126795d5b67de8900f021e06860f45d4dd
matched_cost_regret_summary.csv,primary/candidate_B/normalized_regret,high,0.04965797664841739,0.04965797664841739,0.0,5.965797664841739e-12,0.0,9ed386af3e565cf6ed8b4cf6119bb9126795d5b67de8900f021e06860f45d4dd
matched_cost_regret_summary.csv,primary/candidate_B/normalized_regret,lower95,0.03775412281222877,0.03775412281222877,0.0,4.775412281222877e-12,0.0,9ed386af3e565cf6ed8b4cf6119bb9126795d5b67de8900f021e06860f45d4dd
matched_cost_regret_summary.csv,primary/candidate_B/normalized_regret,upper95,0.04861474491754039,0.048614744917540385,6.938893903907228e-18,5.861474491754039e-12,1.18381371678217e-06,9ed386af3e565cf6ed8b4cf6119bb9126795d5b67de8900f021e06860f45d4dd
matched_cost_regret_summary.csv,primary/candidate_B/oracle_hit,point,0.90625,0.90625,0.0,9.1625e-11,0.0,9ed386af3e565cf6ed8b4cf6119bb9126795d5b67de8900f021e06860f45d4dd
matched_cost_regret_summary.csv,primary/candidate_B/oracle_hit,low,0.8952546296296297,0.8952546296296297,0.0,9.052546296296297e-11,0.0,9ed386af3e565cf6ed8b4cf6119bb9126795d5b67de8900f021e06860f45d4dd
matched_cost_regret_summary.csv,primary/candidate_B/oracle_hit,high,0.9166666666666666,0.9166666666666666,0.0,9.266666666666666e-11,0.0,9ed386af3e565cf6ed8b4cf6119bb9126795d5b67de8900f021e06860f45d4dd
matched_cost_regret_summary.csv,primary/candidate_B/oracle_hit,lower95,0.8969907407407407,0.8969907407407407,0.0,9.069907407407407e-11,0.0,9ed386af3e565cf6ed8b4cf6119bb9126795d5b67de8900f021e06860f45d4dd
matched_cost_regret_summary.csv,primary/candidate_B/oracle_hit,upper95,0.9149305555555556,0.9149305555555556,0.0,9.249305555555556e-11,0.0,9ed386af3e565cf6ed8b4cf6119bb9126795d5b67de8900f021e06860f45d4dd
matched_cost_regret_summary.csv,primary/hybrid/absolute_regret,point,0.18648293377493813,0.18648293377493813,0.0,1.9648293377493813e-11,0.0,9ed386af3e565cf6ed8b4cf6119bb9126795d5b67de8900f021e06860f45d4dd
matched_cost_regret_summary.csv,primary/hybrid/absolute_regret,low,0.04735443295013846,0.04735443295013846,0.0,5.7354432950138465e-12,0.0,9ed386af3e565cf6ed8b4cf6119bb9126795d5b67de8900f021e06860f45d4dd
matched_cost_regret_summary.csv,primary/hybrid/absolute_regret,high,0.40853177105929345,0.40853177105929345,0.0,4.185317710592935e-11,0.0,9ed386af3e565cf6ed8b4cf6119bb9126795d5b67de8900f021e06860f45d4dd
matched_cost_regret_summary.csv,primary/hybrid/absolute_regret,lower95,0.0562652540654004,0.0562652540654004,0.0,6.62652540654004e-12,0.0,9ed386af3e565cf6ed8b4cf6119bb9126795d5b67de8900f021e06860f45d4dd
matched_cost_regret_summary.csv,primary/hybrid/absolute_regret,upper95,0.381590627317738,0.381590627317738,0.0,3.9159062731773806e-11,0.0,9ed386af3e565cf6ed8b4cf6119bb9126795d5b67de8900f021e06860f45d4dd
matched_cost_regret_summary.csv,primary/hybrid/normalized_regret,point,0.04313539301865944,0.04313539301865944,0.0,5.313539301865944e-12,0.0,9ed386af3e565cf6ed8b4cf6119bb9126795d5b67de8900f021e06860f45d4dd
matched_cost_regret_summary.csv,primary/hybrid/normalized_regret,low,0.0368728479061172,0.036872847906117195,6.938893903907228e-18,4.687284790611719e-12,1.4803653317172692e-06,9ed386af3e565cf6ed8b4cf6119bb9126795d5b67de8900f021e06860f45d4dd
matched_cost_regret_summary.csv,primary/hybrid/normalized_regret,high,0.04965797664841739,0.04965797664841739,0.0,5.965797664841739e-12,0.0,9ed386af3e565cf6ed8b4cf6119bb9126795d5b67de8900f021e06860f45d4dd
matched_cost_regret_summary.csv,primary/hybrid/normalized_regret,lower95,0.03775412281222877,0.03775412281222877,0.0,4.775412281222877e-12,0.0,9ed386af3e565cf6ed8b4cf6119bb9126795d5b67de8900f021e06860f45d4dd
matched_cost_regret_summary.csv,primary/hybrid/normalized_regret,upper95,0.04861474491754039,0.048614744917540385,6.938893903907228e-18,5.861474491754039e-12,1.18381371678217e-06,9ed386af3e565cf6ed8b4cf6119bb9126795d5b67de8900f021e06860f45d4dd
matched_cost_regret_summary.csv,primary/hybrid/oracle_hit,point,0.90625,0.90625,0.0,9.1625e-11,0.0,9ed386af3e565cf6ed8b4cf6119bb9126795d5b67de8900f021e06860f45d4dd
matched_cost_regret_summary.csv,primary/hybrid/oracle_hit,low,0.8952546296296297,0.8952546296296297,0.0,9.052546296296297e-11,0.0,9ed386af3e565cf6ed8b4cf6119bb9126795d5b67de8900f021e06860f45d4dd
matched_cost_regret_summary.csv,primary/hybrid/oracle_hit,high,0.9166666666666666,0.9166666666666666,0.0,9.266666666666666e-11,0.0,9ed386af3e565cf6ed8b4cf6119bb9126795d5b67de8900f021e06860f45d4dd
matched_cost_regret_summary.csv,primary/hybrid/oracle_hit,lower95,0.8969907407407407,0.8969907407407407,0.0,9.069907407407407e-11,0.0,9ed386af3e565cf6ed8b4cf6119bb9126795d5b67de8900f021e06860f45d4dd
matched_cost_regret_summary.csv,primary/hybrid/oracle_hit,upper95,0.9149305555555556,0.9149305555555556,0.0,9.249305555555556e-11,0.0,9ed386af3e565cf6ed8b4cf6119bb9126795d5b67de8900f021e06860f45d4dd
predictor_pairwise_comparison.csv,primary/hybrid/energy/absolute_regret,point,-0.10632529049925843,-0.10632529049925842,1.3877787807814457e-17,1.1632529049925842e-11,1.193015529834669e-06,9ed386af3e565cf6ed8b4cf6119bb9126795d5b67de8900f021e06860f45d4dd
predictor_pairwise_comparison.csv,primary/hybrid/energy/absolute_regret,low,-0.16786024448240766,-0.16786024448240763,2.7755575615628914e-17,1.7786024448240763e-11,1.5605272384731402e-06,9ed386af3e565cf6ed8b4cf6119bb9126795d5b67de8900f021e06860f45d4dd
predictor_pairwise_comparison.csv,primary/hybrid/energy/absolute_regret,high,-0.057550379927504586,-0.057550379927504586,0.0,6.7550379927504586e-12,0.0,9ed386af3e565cf6ed8b4cf6119bb9126795d5b67de8900f021e06860f45d4dd
predictor_pairwise_comparison.csv,primary/hybrid/energy/absolute_regret,lower95,-0.15720188504818616,-0.15720188504818614,2.7755575615628914e-17,1.6720188504818615e-11,1.6600037498159781e-06,9ed386af3e565cf6ed8b4cf6119bb9126795d5b67de8900f021e06860f45d4dd
predictor_pairwise_comparison.csv,primary/hybrid/energy/absolute_regret,upper95,-0.0625477399549141,-0.06254773995491408,1.3877787807814457e-17,7.254773995491408e-12,1.9129180063278363e-06,9ed386af3e565cf6ed8b4cf6119bb9126795d5b67de8900f021e06860f45d4dd
predictor_pairwise_comparison.csv,primary/hybrid/energy/normalized_regret,point,-0.14201775756807644,-0.14201775756807647,2.7755575615628914e-17,1.5201775756807647e-11,1.825811409117743e-06,9ed386af3e565cf6ed8b4cf6119bb9126795d5b67de8900f021e06860f45d4dd
predictor_pairwise_comparison.csv,primary/hybrid/energy/normalized_regret,low,-0.15215658149378045,-0.1521565814937805,5.551115123125783e-17,1.621565814937805e-11,3.4233054693118917e-06,9ed386af3e565cf6ed8b4cf6119bb9126795d5b67de8900f021e06860f45d4dd
predictor_pairwise_comparison.csv,primary/hybrid/energy/normalized_regret,high,-0.1315622952068122,-0.1315622952068122,0.0,1.415622952068122e-11,0.0,9ed386af3e565cf6ed8b4cf6119bb9126795d5b67de8900f021e06860f45d4dd
predictor_pairwise_comparison.csv,primary/hybrid/energy/normalized_regret,lower95,-0.15054363473471336,-0.15054363473471336,0.0,1.6054363473471336e-11,0.0,9ed386af3e565cf6ed8b4cf6119bb9126795d5b67de8900f021e06860f45d4dd
predictor_pairwise_comparison.csv,primary/hybrid/energy/normalized_regret,upper95,-0.13321274126887359,-0.13321274126887359,0.0,1.432127412688736e-11,0.0,9ed386af3e565cf6ed8b4cf6119bb9126795d5b67de8900f021e06860f45d4dd
predictor_pairwise_comparison.csv,primary/hybrid/constant/absolute_regret,point,-0.02432135063717053,-0.02432135063717052,1.0408340855860843e-17,3.4321350637170524e-12,3.0326140034210826e-06,9ed386af3e565cf6ed8b4cf6119bb9126795d5b67de8900f021e06860f45d4dd
predictor_pairwise_comparison.csv,primary/hybrid/constant/absolute_regret,low,-0.0480948751798094,-0.04809487517980938,2.0816681711721685e-17,5.8094875179809374e-12,3.583221695079299e-06,9ed386af3e565cf6ed8b4cf6119bb9126795d5b67de8900f021e06860f45d4dd
predictor_pairwise_comparison.csv,primary/hybrid/constant/absolute_regret,high,-0.005404854804544896,-0.005404854804544888,7.806255641895632e-18,1.5404854804544888e-12,5.0673996872677795e-06,9ed386af3e565cf6ed8b4cf6119bb9126795d5b67de8900f021e06860f45d4dd
predictor_pairwise_comparison.csv,primary/hybrid/constant/absolute_regret,lower95,-0.04377348463162365,-0.043773484631623644,6.938893903907228e-18,5.377348463162365e-12,1.2903932024197915e-06,9ed386af3e565cf6ed8b4cf6119bb9126795d5b67de8900f021e06860f45d4dd
predictor_pairwise_comparison.csv,primary/hybrid/constant/absolute_regret,upper95,-0.0075778363024534764,-0.007577836302453471,5.204170427930421e-18,1.7577836302453472e-12,2.960643357000677e-06,9ed386af3e565cf6ed8b4cf6119bb9126795d5b67de8900f021e06860f45d4dd
predictor_pairwise_comparison.csv,primary/hybrid/constant/normalized_regret,point,-0.00288169920691601,-0.0028816992069160114,1.3010426069826053e-18,1.2881699206916012e-12,1.0099930033175228e-06,9ed386af3e565cf6ed8b4cf6119bb9126795d5b67de8900f021e06860f45d4dd
predictor_pairwise_comparison.csv,primary/hybrid/constant/normalized_regret,low,-0.007259929746287337,-0.0072599297462873375,8.673617379884035e-19,1.7259929746287337e-12,5.02529124242221e-07,9ed386af3e565cf6ed8b4cf6119bb9126795d5b67de8900f021e06860f45d4dd
predictor_pairwise_comparison.csv,primary/hybrid/constant/normalized_regret,high,0.00186947709713514,0.0018694770971351392,8.673617379884035e-19,1.1869477097135139e-12,7.307497465054743e-07,9ed386af3e565cf6ed8b4cf6119bb9126795d5b67de8900f021e06860f45d4dd
predictor_pairwise_comparison.csv,primary/hybrid/constant/normalized_regret,lower95,-0.006513637094826773,-0.006513637094826775,1.734723475976807e-18,1.6513637094826774e-12,1.0504793498945448e-06,9ed386af3e565cf6ed8b4cf6119bb9126795d5b67de8900f021e06860f45d4dd
predictor_pairwise_comparison.csv,primary/hybrid/constant/normalized_regret,upper95,0.001118980451152143,0.0011189804511521403,2.8189256484623115e-18,1.111898045115214e-12,2.535237525460544e-06,9ed386af3e565cf6ed8b4cf6119bb9126795d5b67de8900f021e06860f45d4dd
predictor_pairwise_comparison.csv,primary/candidate_B/energy/absolute_regret,point,-0.10632529049925843,-0.10632529049925842,1.3877787807814457e-17,1.1632529049925842e-11,1.193015529834669e-06,9ed386af3e565cf6ed8b4cf6119bb9126795d5b67de8900f021e06860f45d4dd
predictor_pairwise_comparison.csv,primary/candidate_B/energy/absolute_regret,low,-0.16786024448240766,-0.16786024448240763,2.7755575615628914e-17,1.7786024448240763e-11,1.5605272384731402e-06,9ed386af3e565cf6ed8b4cf6119bb9126795d5b67de8900f021e06860f45d4dd
predictor_pairwise_comparison.csv,primary/candidate_B/energy/absolute_regret,high,-0.057550379927504586,-0.057550379927504586,0.0,6.7550379927504586e-12,0.0,9ed386af3e565cf6ed8b4cf6119bb9126795d5b67de8900f021e06860f45d4dd
predictor_pairwise_comparison.csv,primary/candidate_B/energy/absolute_regret,lower95,-0.15720188504818616,-0.15720188504818614,2.7755575615628914e-17,1.6720188504818615e-11,1.6600037498159781e-06,9ed386af3e565cf6ed8b4cf6119bb9126795d5b67de8900f021e06860f45d4dd
predictor_pairwise_comparison.csv,primary/candidate_B/energy/absolute_regret,upper95,-0.0625477399549141,-0.06254773995491408,1.3877787807814457e-17,7.254773995491408e-12,1.9129180063278363e-06,9ed386af3e565cf6ed8b4cf6119bb9126795d5b67de8900f021e06860f45d4dd
predictor_pairwise_comparison.csv,primary/candidate_B/energy/normalized_regret,point,-0.14201775756807644,-0.14201775756807647,2.7755575615628914e-17,1.5201775756807647e-11,1.825811409117743e-06,9ed386af3e565cf6ed8b4cf6119bb9126795d5b67de8900f021e06860f45d4dd
predictor_pairwise_comparison.csv,primary/candidate_B/energy/normalized_regret,low,-0.15215658149378045,-0.1521565814937805,5.551115123125783e-17,1.621565814937805e-11,3.4233054693118917e-06,9ed386af3e565cf6ed8b4cf6119bb9126795d5b67de8900f021e06860f45d4dd
predictor_pairwise_comparison.csv,primary/candidate_B/energy/normalized_regret,high,-0.1315622952068122,-0.1315622952068122,0.0,1.415622952068122e-11,0.0,9ed386af3e565cf6ed8b4cf6119bb9126795d5b67de8900f021e06860f45d4dd
predictor_pairwise_comparison.csv,primary/candidate_B/energy/normalized_regret,lower95,-0.15054363473471336,-0.15054363473471336,0.0,1.6054363473471336e-11,0.0,9ed386af3e565cf6ed8b4cf6119bb9126795d5b67de8900f021e06860f45d4dd
predictor_pairwise_comparison.csv,primary/candidate_B/energy/normalized_regret,upper95,-0.13321274126887359,-0.13321274126887359,0.0,1.432127412688736e-11,0.0,9ed386af3e565cf6ed8b4cf6119bb9126795d5b67de8900f021e06860f45d4dd
predictor_pairwise_comparison.csv,primary/candidate_B/constant/absolute_regret,point,-0.02432135063717053,-0.02432135063717052,1.0408340855860843e-17,3.4321350637170524e-12,3.0326140034210826e-06,9ed386af3e565cf6ed8b4cf6119bb9126795d5b67de8900f021e06860f45d4dd
predictor_pairwise_comparison.csv,primary/candidate_B/constant/absolute_regret,low,-0.0480948751798094,-0.04809487517980938,2.0816681711721685e-17,5.8094875179809374e-12,3.583221695079299e-06,9ed386af3e565cf6ed8b4cf6119bb9126795d5b67de8900f021e06860f45d4dd
predictor_pairwise_comparison.csv,primary/candidate_B/constant/absolute_regret,high,-0.005404854804544896,-0.005404854804544888,7.806255641895632e-18,1.5404854804544888e-12,5.0673996872677795e-06,9ed386af3e565cf6ed8b4cf6119bb9126795d5b67de8900f021e06860f45d4dd
predictor_pairwise_comparison.csv,primary/candidate_B/constant/absolute_regret,lower95,-0.04377348463162365,-0.043773484631623644,6.938893903907228e-18,5.377348463162365e-12,1.2903932024197915e-06,9ed386af3e565cf6ed8b4cf6119bb9126795d5b67de8900f021e06860f45d4dd
predictor_pairwise_comparison.csv,primary/candidate_B/constant/absolute_regret,upper95,-0.0075778363024534764,-0.007577836302453471,5.204170427930421e-18,1.7577836302453472e-12,2.960643357000677e-06,9ed386af3e565cf6ed8b4cf6119bb9126795d5b67de8900f021e06860f45d4dd
predictor_pairwise_comparison.csv,primary/candidate_B/constant/normalized_regret,point,-0.00288169920691601,-0.0028816992069160114,1.3010426069826053e-18,1.2881699206916012e-12,1.0099930033175228e-06,9ed386af3e565cf6ed8b4cf6119bb9126795d5b67de8900f021e06860f45d4dd
predictor_pairwise_comparison.csv,primary/candidate_B/constant/normalized_regret,low,-0.007259929746287337,-0.0072599297462873375,8.673617379884035e-19,1.7259929746287337e-12,5.02529124242221e-07,9ed386af3e565cf6ed8b4cf6119bb9126795d5b67de8900f021e06860f45d4dd
predictor_pairwise_comparison.csv,primary/candidate_B/constant/normalized_regret,high,0.00186947709713514,0.0018694770971351392,8.673617379884035e-19,1.1869477097135139e-12,7.307497465054743e-07,9ed386af3e565cf6ed8b4cf6119bb9126795d5b67de8900f021e06860f45d4dd
predictor_pairwise_comparison.csv,primary/candidate_B/constant/normalized_regret,lower95,-0.006513637094826773,-0.006513637094826775,1.734723475976807e-18,1.6513637094826774e-12,1.0504793498945448e-06,9ed386af3e565cf6ed8b4cf6119bb9126795d5b67de8900f021e06860f45d4dd
predictor_pairwise_comparison.csv,primary/candidate_B/constant/normalized_regret,upper95,0.001118980451152143,0.0011189804511521403,2.8189256484623115e-18,1.111898045115214e-12,2.535237525460544e-06,9ed386af3e565cf6ed8b4cf6119bb9126795d5b67de8900f021e06860f45d4dd
