cell_id,cell_index,group_name,stage_index,weight_bits,discovery_L_EDG_state,L-EDG-state,cell_tangent_status,sign_agreement,confirmation_to_discovery_shrinkage,robust_predicted_confirmation,robust_residual,overall_spearman,spearman_class_bootstrap_95_ci_low,spearman_class_bootstrap_95_ci_high,theil_sen_slope,theil_sen_intercept,theil_sen_slope_95_ci_low,theil_sen_slope_95_ci_high
adaln_conditioning_all_blocks_stage10_w6,1,adaln_conditioning_all_blocks,10,6,3.5652357079808548,2.6366612017915974,E1C_TANGENT_SUPPORTED,True,0.7395475131950956,2.597865902290999,0.03879529950059846,0.6551724137931034,0.6525027808676307,0.8135706340378197,0.5174116961160083,0.7531712475712673,0.32003337993340697,0.7830899541132988
adaln_modulation_projection_all_blocks_stage10_w4,2,adaln_modulation_projection_all_blocks,10,4,3.073115245697556,3.0656718349036547,E1C_TANGENT_SUPPORTED,True,0.9975778940264859,2.3432370192076037,0.722434815696051,0.6551724137931034,0.6525027808676307,0.8135706340378197,0.5174116961160083,0.7531712475712673,0.32003337993340697,0.7830899541132988
attention_output_all_blocks_stage10_w6,3,attention_output_all_blocks,10,6,3.3137740095562336,3.7497504249761273,E1C_TANGENT_SUPPORTED,True,1.1315649208915963,2.467756678400904,1.2819937465752234,0.6551724137931034,0.6525027808676307,0.8135706340378197,0.5174116961160083,0.7531712475712673,0.32003337993340697,0.7830899541132988
input_patch_projection_stage10_w6,4,input_patch_projection,10,6,1.2143901565324091,0.6727402978453713,E1C_TANGENT_SUPPORTED,True,0.5539737737716235,1.381510918209286,-0.7087706203639147,0.6551724137931034,0.6525027808676307,0.8135706340378197,0.5174116961160083,0.7531712475712673,0.32003337993340697,0.7830899541132988
mlp_down_all_blocks_stage10_w6,5,mlp_down_all_blocks,10,6,2.629254698761868,2.744359324817638,E1C_TANGENT_SUPPORTED,True,1.0437784236384453,2.11357838077863,0.630780944039008,0.6551724137931034,0.6525027808676307,0.8135706340378197,0.5174116961160083,0.7531712475712673,0.32003337993340697,0.7830899541132988
mlp_up_gate_all_blocks_stage10_w4,6,mlp_up_gate_all_blocks,10,4,5.285320879856196,2.6072993695695073,E1C_TANGENT_SUPPORTED,True,0.4933095698137531,3.487858088535015,-0.8805587189655077,0.6551724137931034,0.6525027808676307,0.8135706340378197,0.5174116961160083,0.7531712475712673,0.32003337993340697,0.7830899541132988
output_conditioning_projection_stage10_w8,7,output_conditioning_projection,10,8,1.1086823219964113,-0.07498407071607549,E1C_TANGENT_SUPPORTED,False,-0.06763350441184197,1.3268164482492648,-1.4018005189653402,0.6551724137931034,0.6525027808676307,0.8135706340378197,0.5174116961160083,0.7531712475712673,0.32003337993340697,0.7830899541132988
output_head_projection_stage4_w8,8,output_head_projection,4,8,1.2974035529666523,0.8607446235848617,E1C_TANGENT_SUPPORTED,True,0.6634363083226317,1.4244630204586783,-0.5637183968738166,0.6551724137931034,0.6525027808676307,0.8135706340378197,0.5174116961160083,0.7531712475712673,0.32003337993340697,0.7830899541132988
qkv_all_blocks_stage10_w6,9,qkv_all_blocks,10,6,3.9993073778559816,2.118351706596087,E1C_TANGENT_SUPPORTED,True,0.5296796436116221,2.822459661236997,-0.7041079546409099,0.6551724137931034,0.6525027808676307,0.8135706340378197,0.5174116961160083,0.7531712475712673,0.32003337993340697,0.7830899541132988
attention_output_all_blocks_stage4_w8,10,attention_output_all_blocks,4,8,-0.381911156551691,0.38103803084714155,E1C_TANGENT_SUPPORTED,False,-0.99771379890435,0.5555659482942304,-0.1745279174470889,0.6551724137931034,0.6525027808676307,0.8135706340378197,0.5174116961160083,0.7531712475712673,0.32003337993340697,0.7830899541132988
input_patch_projection_stage4_w4,11,input_patch_projection,4,4,-0.6270520982413418,1.1936641044641316,E1C_TANGENT_SUPPORTED,False,-1.9036123279260768,0.42872715786711274,0.7649369465970188,0.6551724137931034,0.6525027808676307,0.8135706340378197,0.5174116961160083,0.7531712475712673,0.32003337993340697,0.7830899541132988
mlp_down_all_blocks_stage4_w8,12,mlp_down_all_blocks,4,8,-0.0522144143551739,1.4931080633944025,E1C_TANGENT_SUPPORTED,False,-28.59570641237023,0.7261548988780527,0.7669531645163498,0.6551724137931034,0.6525027808676307,0.8135706340378197,0.5174116961160083,0.7531712475712673,0.32003337993340697,0.7830899541132988
mlp_up_gate_all_blocks_stage4_w8,13,mlp_up_gate_all_blocks,4,8,-0.3777709360790866,0.22273716550286654,E1C_TANGENT_SUPPORTED,False,-0.5896090573157179,0.5577081467912549,-0.33497098128838837,0.6551724137931034,0.6525027808676307,0.8135706340378197,0.5174116961160083,0.7531712475712673,0.32003337993340697,0.7830899541132988
output_conditioning_projection_stage4_w4,14,output_conditioning_projection,4,4,-2.088575170527422,0.984757880215755,E1C_TANGENT_SUPPORTED,False,-0.4714974563099287,-0.32748197387710754,1.3122398540928626,0.6551724137931034,0.6525027808676307,0.8135706340378197,0.5174116961160083,0.7531712475712673,0.32003337993340697,0.7830899541132988
output_head_projection_stage4_w6,15,output_head_projection,4,6,-1.3999186299849755,1.1506462183720014,E1C_TANGENT_SUPPORTED,False,-0.8219379281954057,0.028836974806342397,1.121809243565659,0.6551724137931034,0.6525027808676307,0.8135706340378197,0.5174116961160083,0.7531712475712673,0.32003337993340697,0.7830899541132988
adaln_conditioning_all_blocks_stage4_w8,16,adaln_conditioning_all_blocks,4,8,0.1652873148951892,0.31711971095103725,E1C_TANGENT_SUPPORTED,True,1.9185967849506596,0.8386928375176479,-0.5215731265666106,0.6551724137931034,0.6525027808676307,0.8135706340378197,0.5174116961160083,0.7531712475712673,0.32003337993340697,0.7830899541132988
adaln_modulation_projection_all_blocks_stage4_w4,17,adaln_modulation_projection_all_blocks,4,4,0.2343693710831207,1.0802365843537045,E1C_TANGENT_SUPPORTED,True,4.609120122486446,0.8744367013810269,0.2057998829726776,0.6551724137931034,0.6525027808676307,0.8135706340378197,0.5174116961160083,0.7531712475712673,0.32003337993340697,0.7830899541132988
input_patch_projection_stage15_w4,18,input_patch_projection,15,4,0.0109539168618651,0.019982428438057004,E1C_TANGENT_SUPPORTED,True,1.824226775686395,0.7588389322738787,-0.7388565038358217,0.6551724137931034,0.6525027808676307,0.8135706340378197,0.5174116961160083,0.7531712475712673,0.32003337993340697,0.7830899541132988
output_conditioning_projection_stage15_w6,19,output_conditioning_projection,15,6,-0.0271831445487162,0.01016510781193571,E1C_TANGENT_SUPPORTED,False,-0.37394892977588884,0.7391063706445494,-0.7289412628326137,0.6551724137931034,0.6525027808676307,0.8135706340378197,0.5174116961160083,0.7531712475712673,0.32003337993340697,0.7830899541132988
output_head_projection_stage15_w8,20,output_head_projection,15,8,-0.0030676261748827,0.042326778462407455,E1C_TANGENT_SUPPORTED,False,-13.797893240373707,0.7515840219090714,-0.709257243446664,0.6551724137931034,0.6525027808676307,0.8135706340378197,0.5174116961160083,0.7531712475712673,0.32003337993340697,0.7830899541132988
qkv_all_blocks_stage4_w4,21,qkv_all_blocks,4,4,0.5761264300871219,0.6813923267706015,E1C_TANGENT_SUPPORTED,True,1.1827131879153006,1.0512658009399058,-0.3698734741693044,0.6551724137931034,0.6525027808676307,0.8135706340378197,0.5174116961160083,0.7531712475712673,0.32003337993340697,0.7830899541132988
adaln_conditioning_all_blocks_stage4_w4,22,adaln_conditioning_all_blocks,4,4,0.5035785198018933,0.18002655719314173,E1C_TANGENT_SUPPORTED,True,0.35749451200572213,1.0137286636295537,-0.833702106436412,0.6551724137931034,0.6525027808676307,0.8135706340378197,0.5174116961160083,0.7531712475712673,0.32003337993340697,0.7830899541132988
mlp_down_all_blocks_stage4_w4,23,mlp_down_all_blocks,4,4,2.415184003217528,2.769768863624649,E1C_TANGENT_SUPPORTED,True,1.1468148430656795,2.0028156991082993,0.7669531645163499,0.6551724137931034,0.6525027808676307,0.8135706340378197,0.5174116961160083,0.7531712475712673,0.32003337993340697,0.7830899541132988
adaln_modulation_projection_all_blocks_stage10_w8,24,adaln_modulation_projection_all_blocks,10,8,2.1057891214822253,2.277997880434505,E1C_TANGENT_SUPPORTED,True,1.0817787295012071,1.8427311685800247,0.4352667118544802,0.6551724137931034,0.6525027808676307,0.8135706340378197,0.5174116961160083,0.7531712475712673,0.32003337993340697,0.7830899541132988
attention_output_all_blocks_stage15_w4,25,attention_output_all_blocks,15,4,1.6185229205604144,1.6317896180851372,E1C_TANGENT_SUPPORTED,True,1.0081967931106772,1.5906139371010668,0.04117568098407043,0.6551724137931034,0.6525027808676307,0.8135706340378197,0.5174116961160083,0.7531712475712673,0.32003337993340697,0.7830899541132988
input_patch_projection_stage15_w8,26,input_patch_projection,15,8,-0.0313113865421739,0.22784568591920448,E1C_TANGENT_SUPPORTED,False,-7.276767690000403,0.7369703699527371,-0.5091246840335326,0.6551724137931034,0.6525027808676307,0.8135706340378197,0.5174116961160083,0.7531712475712673,0.32003337993340697,0.7830899541132988
mlp_up_gate_all_blocks_stage15_w6,27,mlp_up_gate_all_blocks,15,6,1.530339024235577,1.5735871381655286,E1C_TANGENT_SUPPORTED,True,1.0282604790474807,1.5449865577335142,0.02860058043201441,0.6551724137931034,0.6525027808676307,0.8135706340378197,0.5174116961160083,0.7531712475712673,0.32003337993340697,0.7830899541132988
output_conditioning_projection_stage15_w8,28,output_conditioning_projection,15,8,-0.0558605207103271,-0.027933092394667354,E1C_TANGENT_SUPPORTED,True,0.5000506984086039,0.7242683608046135,-0.7522014531992809,0.6551724137931034,0.6525027808676307,0.8135706340378197,0.5174116961160083,0.7531712475712673,0.32003337993340697,0.7830899541132988
output_head_projection_stage15_w6,29,output_head_projection,15,6,0.062506717692667,0.013836839366916775,E1C_TANGENT_SUPPORTED,True,0.22136563680962645,0.7855129543912747,-0.7716761150243578,0.6551724137931034,0.6525027808676307,0.8135706340378197,0.5174116961160083,0.7531712475712673,0.32003337993340697,0.7830899541132988
qkv_all_blocks_stage15_w6,30,qkv_all_blocks,15,6,1.3088129215106432,1.2509196028990595,E1C_TANGENT_SUPPORTED,True,0.955766544125525,1.4303663611886375,-0.179446758289578,0.6551724137931034,0.6525027808676307,0.8135706340378197,0.5174116961160083,0.7531712475712673,0.32003337993340697,0.7830899541132988
