family,class_id,metric,value,expected_specs,defined_specs
actual_local,123,R_J,0.29875078939245214,9,9
actual_local,123,err_noJ,0.008892035095239118,9,9
actual_local,123,err_scalar,0.0019785557263674153,9,9
actual_local,123,err_full,2.0243299576286713e-05,9,9
actual_local,123,normalized_error_noJ,0.2988002505301448,9,9
actual_local,123,normalized_error_scalar,0.12986863753461775,9,9
actual_local,123,normalized_error_full,0.0019540627780010996,9,9
actual_local,123,relative_improvement_full_vs_noJ,0.9929214978973724,9,9
actual_local,206,R_J,0.30811211827059964,9,9
actual_local,206,err_noJ,0.009340445864239271,9,9
actual_local,206,err_scalar,0.002527876769203666,9,9
actual_local,206,err_full,2.1041664368360253e-05,9,9
actual_local,206,normalized_error_noJ,0.3081821415857195,9,9
actual_local,206,normalized_error_scalar,0.16033099538381734,9,9
actual_local,206,normalized_error_full,0.0019221855475076719,9,9
actual_local,206,relative_improvement_full_vs_noJ,0.9937078263887239,9,9
actual_local,325,R_J,0.29777111778985776,9,9
actual_local,325,err_noJ,0.008972418232970075,9,9
actual_local,325,err_scalar,0.0021894655778251873,9,9
actual_local,325,err_full,1.4401288636429407e-05,9,9
actual_local,325,normalized_error_noJ,0.297792609685235,9,9
actual_local,325,normalized_error_scalar,0.13594834212795523,9,9
actual_local,325,normalized_error_full,0.0018909589039766987,9,9
actual_local,325,relative_improvement_full_vs_noJ,0.9932150832831529,9,9
actual_local,408,R_J,0.31145865520583943,9,9
actual_local,408,err_noJ,0.00927126225865866,9,9
actual_local,408,err_scalar,0.0023996005164425216,9,9
actual_local,408,err_full,1.8952387681346848e-05,9,9
actual_local,408,normalized_error_noJ,0.31151889898555774,9,9
actual_local,408,normalized_error_scalar,0.15705554462612117,9,9
actual_local,408,normalized_error_full,0.0018570826033831335,9,9
actual_local,408,relative_improvement_full_vs_noJ,0.9937709517006018,9,9
actual_local,569,R_J,0.3197535842095152,9,9
actual_local,569,err_noJ,0.009524775356297468,9,9
actual_local,569,err_scalar,0.0023390040449243346,9,9
actual_local,569,err_full,1.647494730250869e-05,9,9
actual_local,569,normalized_error_noJ,0.31981203043552353,9,9
actual_local,569,normalized_error_scalar,0.16930034164183294,9,9
actual_local,569,normalized_error_full,0.001866255132317619,9,9
actual_local,569,relative_improvement_full_vs_noJ,0.994171203979731,9,9
actual_local,701,R_J,0.31826331039199696,9,9
actual_local,701,err_noJ,0.00981143339650139,9,9
actual_local,701,err_scalar,0.002917300486221455,9,9
actual_local,701,err_full,2.396174327476523e-05,9,9
actual_local,701,normalized_error_noJ,0.318328667911328,9,9
actual_local,701,normalized_error_scalar,0.16542270492076938,9,9
actual_local,701,normalized_error_full,0.0019708655456993885,9,9
actual_local,701,relative_improvement_full_vs_noJ,0.9935251833529226,9,9
actual_local,789,R_J,0.3221262698373424,9,9
actual_local,789,err_noJ,0.00975061107170264,9,9
actual_local,789,err_scalar,0.002884715093234299,9,9
actual_local,789,err_full,2.5146479710567574e-05,9,9
actual_local,789,normalized_error_noJ,0.32215862250061905,9,9
actual_local,789,normalized_error_scalar,0.16546229907441115,9,9
actual_local,789,normalized_error_full,0.001956738602966631,9,9
actual_local,789,relative_improvement_full_vs_noJ,0.9935378581957384,9,9
actual_local,887,R_J,0.3127780455565638,9,9
actual_local,887,err_noJ,0.009544360298248976,9,9
actual_local,887,err_scalar,0.0022557705996859756,9,9
actual_local,887,err_full,1.5983145627427214e-05,9,9
actual_local,887,normalized_error_noJ,0.31283859013167653,9,9
actual_local,887,normalized_error_scalar,0.14450964624213236,9,9
actual_local,887,normalized_error_full,0.0019246095987250325,9,9
actual_local,887,relative_improvement_full_vs_noJ,0.9933620832358822,9,9
accumulated,123,R_J,0.276175933178008,9,9
accumulated,123,err_noJ,0.012813237411248119,9,9
accumulated,123,err_scalar,0.005560325980741919,9,9
accumulated,123,err_full,0.00010007809213256591,9,9
accumulated,123,normalized_error_noJ,0.27643836758064805,9,9
accumulated,123,normalized_error_scalar,0.10943503493385828,9,9
accumulated,123,normalized_error_full,0.0023666916670982805,9,9
accumulated,123,relative_improvement_full_vs_noJ,0.9898659496838493,9,9
accumulated,206,R_J,0.2818463138971995,9,9
accumulated,206,err_noJ,0.014731019584426186,9,9
accumulated,206,err_scalar,0.00750384927050803,9,9
accumulated,206,err_full,0.0002049747265931882,9,9
accumulated,206,normalized_error_noJ,0.2820108951986928,9,9
accumulated,206,normalized_error_scalar,0.14116474872046983,9,9
accumulated,206,normalized_error_full,0.002636120929056871,9,9
accumulated,206,relative_improvement_full_vs_noJ,0.9889603523514617,9,9
accumulated,325,R_J,0.26838224566241053,9,9
accumulated,325,err_noJ,0.013327818518456831,9,9
accumulated,325,err_scalar,0.0062775046159341,9,9
accumulated,325,err_full,0.00010932609164293158,9,9
accumulated,325,normalized_error_noJ,0.26839758009165926,9,9
accumulated,325,normalized_error_scalar,0.117577676510973,9,9
accumulated,325,normalized_error_full,0.002093921944965807,9,9
accumulated,325,relative_improvement_full_vs_noJ,0.9902806925553082,9,9
accumulated,408,R_J,0.3025676292644419,9,9
accumulated,408,err_noJ,0.014256416163647229,9,9
accumulated,408,err_scalar,0.007110409510793608,9,9
accumulated,408,err_full,0.0001401525705241227,9,9
accumulated,408,normalized_error_noJ,0.3026721265996387,9,9
accumulated,408,normalized_error_scalar,0.14817083438077425,9,9
accumulated,408,normalized_error_full,0.002604178740108037,9,9
accumulated,408,relative_improvement_full_vs_noJ,0.990047259332727,9,9
accumulated,569,R_J,0.292958995485924,9,9
accumulated,569,err_noJ,0.01469847695481372,9,9
accumulated,569,err_scalar,0.00701350559953379,9,9
accumulated,569,err_full,0.000176016332400265,9,9
accumulated,569,normalized_error_noJ,0.29314301222885986,9,9
accumulated,569,normalized_error_scalar,0.1325517645921219,9,9
accumulated,569,normalized_error_full,0.0026049261676220695,9,9
accumulated,569,relative_improvement_full_vs_noJ,0.9899335618946774,9,9
accumulated,701,R_J,0.2810967343140102,9,9
accumulated,701,err_noJ,0.014567338459955734,9,9
accumulated,701,err_scalar,0.008040240154784349,9,9
accumulated,701,err_full,0.0003150851044001858,9,9
accumulated,701,normalized_error_noJ,0.28086388667874496,9,9
accumulated,701,normalized_error_scalar,0.13651752851614157,9,9
accumulated,701,normalized_error_full,0.003187807728938237,9,9
accumulated,701,relative_improvement_full_vs_noJ,0.9866000669388799,9,9
accumulated,789,R_J,0.28492083694526193,9,9
accumulated,789,err_noJ,0.014479715590619478,9,9
accumulated,789,err_scalar,0.007500292121535464,9,9
accumulated,789,err_full,0.00012281785577317154,9,9
accumulated,789,normalized_error_noJ,0.28495638461579786,9,9
accumulated,789,normalized_error_scalar,0.13695680119171783,9,9
accumulated,789,normalized_error_full,0.0023398652052469826,9,9
accumulated,789,relative_improvement_full_vs_noJ,0.9909480793832408,9,9
accumulated,887,R_J,0.2793293365212608,9,9
accumulated,887,err_noJ,0.014169414013625684,9,9
accumulated,887,err_scalar,0.006429139309157162,9,9
accumulated,887,err_full,9.744846447493575e-05,9,9
accumulated,887,normalized_error_noJ,0.2794792085604007,9,9
accumulated,887,normalized_error_scalar,0.12292392633921875,9,9
accumulated,887,normalized_error_full,0.001983350713904175,9,9
accumulated,887,relative_improvement_full_vs_noJ,0.9917421703211858,9,9
donor,123,R_J,0.3132022522470793,9,9
donor,123,err_noJ,0.009104909424104949,9,9
donor,123,err_scalar,0.0014143255008113866,9,9
donor,123,err_full,6.402120909480205e-06,9,9
donor,123,normalized_error_noJ,0.31322444986286163,9,9
donor,123,normalized_error_scalar,0.10161876394806067,9,9
donor,123,normalized_error_full,0.0018189589438414677,9,9
donor,123,relative_improvement_full_vs_noJ,0.9939402977638235,9,9
donor,206,R_J,0.31935347041702705,9,9
donor,206,err_noJ,0.009422857725942129,9,9
donor,206,err_scalar,0.0015849772347423096,9,9
donor,206,err_full,7.024619693120235e-06,9,9
donor,206,normalized_error_noJ,0.3193597478741747,9,9
donor,206,normalized_error_scalar,0.10987754015800706,9,9
donor,206,normalized_error_full,0.0018043823398811497,9,9
donor,206,relative_improvement_full_vs_noJ,0.9941202810225866,9,9
donor,325,R_J,0.3175810603804864,9,9
donor,325,err_noJ,0.009250619805487144,9,9
donor,325,err_scalar,0.0015290098119486615,9,9
donor,325,err_full,6.6297389681988725e-06,9,9
donor,325,normalized_error_noJ,0.31759879193219304,9,9
donor,325,normalized_error_scalar,0.10824675673357231,9,9
donor,325,normalized_error_full,0.001795715195938501,9,9
donor,325,relative_improvement_full_vs_noJ,0.9940424658154675,9,9
donor,408,R_J,0.3229859120648444,9,9
donor,408,err_noJ,0.009368814442677497,9,9
donor,408,err_scalar,0.001622503170227471,9,9
donor,408,err_full,6.741775083762132e-06,9,9
donor,408,normalized_error_noJ,0.3229623347789665,9,9
donor,408,normalized_error_scalar,0.11303108614494134,9,9
donor,408,normalized_error_full,0.001801126508244295,9,9
donor,408,relative_improvement_full_vs_noJ,0.9942979581603208,9,9
donor,569,R_J,0.31895808429801886,9,9
donor,569,err_noJ,0.009598179907981083,9,9
donor,569,err_scalar,0.0016472455978166236,9,9
donor,569,err_full,7.111695205357913e-06,9,9
donor,569,normalized_error_noJ,0.31900092874863084,9,9
donor,569,normalized_error_scalar,0.10980507373087454,9,9
donor,569,normalized_error_full,0.0018016792910388116,9,9
donor,569,relative_improvement_full_vs_noJ,0.994113483444806,9,9
donor,701,R_J,0.35234925902132286,9,9
donor,701,err_noJ,0.009905800870894075,9,9
donor,701,err_scalar,0.0020121768983125104,9,9
donor,701,err_full,7.322893809079592e-06,9,9
donor,701,normalized_error_noJ,0.3523450161943089,9,9
donor,701,normalized_error_scalar,0.1390668474645647,9,9
donor,701,normalized_error_full,0.0018102585780301991,9,9
donor,701,relative_improvement_full_vs_noJ,0.9946698367606879,9,9
donor,789,R_J,0.3604866729083363,9,9
donor,789,err_noJ,0.010009712372770726,9,9
donor,789,err_scalar,0.0021178216986116258,9,9
donor,789,err_full,7.37447134234132e-06,9,9
donor,789,normalized_error_noJ,0.36048005334610944,9,9
donor,789,normalized_error_scalar,0.14419091311065962,9,9
donor,789,normalized_error_full,0.0017057452536725975,9,9
donor,789,relative_improvement_full_vs_noJ,0.9951594300515654,9,9
donor,887,R_J,0.32587124534925255,9,9
donor,887,err_noJ,0.00969995752179092,9,9
donor,887,err_scalar,0.0016055831257286036,9,9
donor,887,err_full,6.520909521687517e-06,9,9
donor,887,normalized_error_noJ,0.3258692779847483,9,9
donor,887,normalized_error_scalar,0.11373184861609678,9,9
donor,887,normalized_error_full,0.0018823711148687394,9,9
donor,887,relative_improvement_full_vs_noJ,0.9938119713118527,9,9
isotropic,123,R_J,0.318346843496813,9,9
isotropic,123,err_noJ,0.00907433841347931,9,9
isotropic,123,err_scalar,0.0013840016095781646,9,9
isotropic,123,err_full,6.247156504527918e-06,9,9
isotropic,123,normalized_error_noJ,0.3183502628216717,9,9
isotropic,123,normalized_error_scalar,0.09745561599065065,9,9
isotropic,123,normalized_error_full,0.0017270024330522818,9,9
isotropic,123,relative_improvement_full_vs_noJ,0.9945324078504671,9,9
isotropic,206,R_J,0.3228362100408914,9,9
isotropic,206,err_noJ,0.00936985673358873,9,9
isotropic,206,err_scalar,0.0016030341806710657,9,9
isotropic,206,err_full,6.963081113920315e-06,9,9
isotropic,206,normalized_error_noJ,0.32284385018859907,9,9
isotropic,206,normalized_error_scalar,0.10516316865220968,9,9
isotropic,206,normalized_error_full,0.0017136805034022142,9,9
isotropic,206,relative_improvement_full_vs_noJ,0.9946280174959595,9,9
isotropic,325,R_J,0.32516702678358805,9,9
isotropic,325,err_noJ,0.009227633084572499,9,9
isotropic,325,err_scalar,0.001565217870364931,9,9
isotropic,325,err_full,6.628732097406688e-06,9,9
isotropic,325,normalized_error_noJ,0.3251684162674938,9,9
isotropic,325,normalized_error_scalar,0.10472845936902836,9,9
isotropic,325,normalized_error_full,0.0017460373892733516,9,9
isotropic,325,relative_improvement_full_vs_noJ,0.9945828843020155,9,9
isotropic,408,R_J,0.32664118906046635,9,9
isotropic,408,err_noJ,0.009308296627085296,9,9
isotropic,408,err_scalar,0.0015909311782720354,9,9
isotropic,408,err_full,6.819323389076796e-06,9,9
isotropic,408,normalized_error_noJ,0.3266633352553819,9,9
isotropic,408,normalized_error_scalar,0.1077229975749438,9,9
isotropic,408,normalized_error_full,0.0017311732430909655,9,9
isotropic,408,relative_improvement_full_vs_noJ,0.994661003250632,9,9
isotropic,569,R_J,0.323893756213165,9,9
isotropic,569,err_noJ,0.00957626804399924,9,9
isotropic,569,err_scalar,0.0016564763656624069,9,9
isotropic,569,err_full,7.24483008414707e-06,9,9
isotropic,569,normalized_error_noJ,0.32389506268428797,9,9
isotropic,569,normalized_error_scalar,0.10523971128049697,9,9
isotropic,569,normalized_error_full,0.0017453071920212546,9,9
isotropic,569,relative_improvement_full_vs_noJ,0.9945536786268941,9,9
isotropic,701,R_J,0.3610658600319367,9,9
isotropic,701,err_noJ,0.00988755313080488,9,9
isotropic,701,err_scalar,0.0019846946249218542,9,9
isotropic,701,err_full,7.070113222808222e-06,9,9
isotropic,701,normalized_error_noJ,0.361073003777784,9,9
isotropic,701,normalized_error_scalar,0.136445551375605,9,9
isotropic,701,normalized_error_full,0.0017336657300068767,9,9
isotropic,701,relative_improvement_full_vs_noJ,0.9950903350971703,9,9
isotropic,789,R_J,0.36835035855049214,9,9
isotropic,789,err_noJ,0.010003226352265547,9,9
isotropic,789,err_scalar,0.002098555817408155,9,9
isotropic,789,err_full,7.355128665681334e-06,9,9
isotropic,789,normalized_error_noJ,0.36837710907694743,9,9
isotropic,789,normalized_error_scalar,0.14391989773138386,9,9
isotropic,789,normalized_error_full,0.0016760570910980478,9,9
isotropic,789,relative_improvement_full_vs_noJ,0.9954209678052516,9,9
isotropic,887,R_J,0.3303160648157079,9,9
isotropic,887,err_noJ,0.009666070386890612,9,9
isotropic,887,err_scalar,0.0016726010320742095,9,9
isotropic,887,err_full,6.7996283449612405e-06,9,9
isotropic,887,normalized_error_noJ,0.33033260482548005,9,9
isotropic,887,normalized_error_scalar,0.1092436421204078,9,9
isotropic,887,normalized_error_full,0.001810396373491586,9,9
isotropic,887,relative_improvement_full_vs_noJ,0.9943482997026213,9,9
