cell_id,cell_index,group_name,stage_index,weight_bits,fixed_alpha,scale_source,high_curvature_source,alpha_role,common_valid_pair_count,represented_class_count,cell_tangent_status,LCG_actual,LCG_iso0,LCG_iso1,LCG_iso,LCG_shuffled,isotropic_draw_discrepancy,L-EDG,L-EDG-pop,L-EDG-state,log_guard_underflow
adaln_conditioning_all_blocks_stage10_w4,6,adaln_conditioning_all_blocks,10,4,0.0625,E1-D0R_ROBUST_ALPHA,False,fixed_alpha,24,8,DISCOVERY_TANGENT_SUPPORTED,57.32238784138036,1.5684660505299566,1.3893600196004137,1.4789130350651851,3.190219597439834,0.12125488030434292,3.657383877997207,0.7687823715710819,2.888601506426125,False
adaln_conditioning_all_blocks_stage10_w4,6,adaln_conditioning_all_blocks,10,4,0.0625,E1-D0R_ROBUST_ALPHA,False,fixed_alpha_half,24,8,DISCOVERY_TANGENT_SUPPORTED,57.32348696425022,1.5638219314094468,1.3852663428204932,1.47454413711497,3.1928428872980676,0.12124035460708693,3.6603615519609214,0.7725628247259951,2.887798727234926,False
adaln_conditioning_all_blocks_stage10_w6,5,adaln_conditioning_all_blocks,10,6,1.0,E1-D0R_ROBUST_ALPHA,False,fixed_alpha,24,8,DISCOVERY_TANGENT_SUPPORTED,115.79270198822593,1.6177741597643034,1.8430457632511412,1.7304099615077222,3.27581218125435,0.13036828020607913,4.203443188192663,0.6382074802118082,3.5652357079808548,False
adaln_conditioning_all_blocks_stage10_w6,5,adaln_conditioning_all_blocks,10,6,1.0,E1-D0R_ROBUST_ALPHA,False,fixed_alpha_half,24,8,DISCOVERY_TANGENT_SUPPORTED,132.14382674370228,1.616211219661112,1.8394117192031918,1.7278114694321518,3.2753202873342784,0.12936114588234673,4.337035364858314,0.639560100872871,3.697475263985444,False
adaln_conditioning_all_blocks_stage10_w8,4,adaln_conditioning_all_blocks,10,8,1.0,E1-D0_COMMON_ALPHA_STABLE_SOURCE,False,fixed_alpha,24,8,DISCOVERY_TANGENT_SUPPORTED,90.26662071184597,1.3707241149398486,3.4155445657172927,2.3931343403285705,2.8563422485537266,0.9129977919275455,3.630163797043409,0.17693792599968278,3.4532258710437262,False
adaln_conditioning_all_blocks_stage10_w8,4,adaln_conditioning_all_blocks,10,8,1.0,E1-D0_COMMON_ALPHA_STABLE_SOURCE,False,fixed_alpha_half,24,8,DISCOVERY_TANGENT_SUPPORTED,77.74427385760582,1.370311310854018,3.376182620356468,2.373246965605243,2.8279360344557203,0.9017077207519172,3.489165855016557,0.1752880839308428,3.313877771085714,False
adaln_conditioning_all_blocks_stage15_w4,9,adaln_conditioning_all_blocks,15,4,1.0,E1-D0_COMMON_ALPHA_STABLE_SOURCE,False,fixed_alpha,24,8,DISCOVERY_TANGENT_SUPPORTED,2.9491598401572428,0.49810912183004524,0.49517803610675726,0.4966435789684013,0.5646235446437645,0.005901806356118887,1.7814029849315622,0.1282865925165313,1.653116392415031,False
adaln_conditioning_all_blocks_stage15_w4,9,adaln_conditioning_all_blocks,15,4,1.0,E1-D0_COMMON_ALPHA_STABLE_SOURCE,False,fixed_alpha_half,24,8,DISCOVERY_TANGENT_SUPPORTED,2.9487947539017574,0.498126324791861,0.4952079013528166,0.4966671130723388,0.5646922668386606,0.00587603197280984,1.7812317987775448,0.1283609132281448,1.6528708855493999,False
adaln_conditioning_all_blocks_stage15_w6,8,adaln_conditioning_all_blocks,15,6,0.5,E1-D0_COMMON_ALPHA_STABLE_SOURCE,False,fixed_alpha,24,8,DISCOVERY_TANGENT_SUPPORTED,2.715977216181532,0.5001120484936697,0.5021877116431356,0.5011498800684027,0.5372548248640203,0.004141807070651279,1.6900018817450984,0.06956729799247822,1.6204345837526204,False
adaln_conditioning_all_blocks_stage15_w6,8,adaln_conditioning_all_blocks,15,6,0.5,E1-D0_COMMON_ALPHA_STABLE_SOURCE,False,fixed_alpha_half,24,8,DISCOVERY_TANGENT_SUPPORTED,2.715134576113875,0.5001255130040164,0.5021878934633679,0.5011567032336921,0.5372634571467645,0.00411524650198476,1.6896779656843335,0.06956975032667759,1.6201082153576558,False
adaln_conditioning_all_blocks_stage15_w8,7,adaln_conditioning_all_blocks,15,8,1.0,E1-D0_COMMON_ALPHA_STABLE_SOURCE,False,fixed_alpha,24,8,DISCOVERY_TANGENT_SUPPORTED,1.430864364443936,0.502802339342876,0.4968548424022149,0.49982859087254544,0.5224586558640464,0.011899213500884088,1.0517687699156573,0.04428063178362078,1.0074881381320366,False
adaln_conditioning_all_blocks_stage15_w8,7,adaln_conditioning_all_blocks,15,8,1.0,E1-D0_COMMON_ALPHA_STABLE_SOURCE,False,fixed_alpha_half,24,8,DISCOVERY_TANGENT_SUPPORTED,1.4308886710181652,0.5027973348167966,0.49685731897755137,0.49982732689717396,0.5224606765154197,0.01188427569169977,1.0517882859285888,0.04428702817839485,1.007501257750194,False
adaln_conditioning_all_blocks_stage4_w4,3,adaln_conditioning_all_blocks,4,4,0.125,E1-D0T_FIXED_TANGENT_ALPHA,True,fixed_alpha,23,8,DISCOVERY_TANGENT_SUPPORTED,77.35940945396977,4.767259223481422,5.854438241979178,5.3108487327303,46.753246518766794,0.20542849394877905,2.6787105582234445,2.1751320384215513,0.5035785198018933,False
adaln_conditioning_all_blocks_stage4_w4,3,adaln_conditioning_all_blocks,4,4,0.125,E1-D0T_FIXED_TANGENT_ALPHA,True,fixed_alpha_half,23,8,DISCOVERY_TANGENT_SUPPORTED,76.80555260173085,4.76392864447463,5.83899979614991,5.30146422031227,46.3920471630499,0.2034868410786802,2.673293886655296,2.169144996807392,0.5041488898479042,False
adaln_conditioning_all_blocks_stage4_w6,2,adaln_conditioning_all_blocks,4,6,0.25,E1-D0R_ROBUST_ALPHA,False,fixed_alpha,24,8,DISCOVERY_TANGENT_SUPPORTED,197.3012178688424,5.857201305213278,4.481580234763845,5.169390769988562,21.680958316051857,0.2676961813320362,3.641976743568751,1.4336795362483548,2.2082972073203964,False
adaln_conditioning_all_blocks_stage4_w6,2,adaln_conditioning_all_blocks,4,6,0.25,E1-D0R_ROBUST_ALPHA,False,fixed_alpha_half,24,8,DISCOVERY_TANGENT_SUPPORTED,184.52440905943513,5.857382634306007,4.467994609284376,5.1626886217951915,21.69119959136416,0.2707631796857672,3.576324258625865,1.4354491349750287,2.140875123650836,False
adaln_conditioning_all_blocks_stage4_w8,1,adaln_conditioning_all_blocks,4,8,1.0,E1-D0_COMMON_ALPHA_STABLE_SOURCE,False,fixed_alpha,22,8,DISCOVERY_TANGENT_SUPPORTED,78.99420115602207,4.835025621391574,4.497717540230392,4.666371580810983,66.95944460982476,0.07231637322352148,2.828992640420037,2.6637053255248477,0.1652873148951892,False
adaln_conditioning_all_blocks_stage4_w8,1,adaln_conditioning_all_blocks,4,8,1.0,E1-D0_COMMON_ALPHA_STABLE_SOURCE,False,fixed_alpha_half,22,8,DISCOVERY_TANGENT_SUPPORTED,78.50094253449794,4.837705352893984,4.496706052061228,4.667205702477606,66.57661598926384,0.07309536735446039,2.8225500895747486,2.65779286266961,0.16475722690513847,False
adaln_modulation_projection_all_blocks_stage10_w4,15,adaln_modulation_projection_all_blocks,10,4,0.125,E1-D0R_ROBUST_ALPHA,False,fixed_alpha,24,8,DISCOVERY_TANGENT_SUPPORTED,70.04335401072589,3.3610174006776035,1.311580871546704,2.336299136112154,3.241379943596682,0.9410105441399648,3.4005462817358096,0.32743103603825374,3.0731152456975557,False
adaln_modulation_projection_all_blocks_stage10_w4,15,adaln_modulation_projection_all_blocks,10,4,0.125,E1-D0R_ROBUST_ALPHA,False,fixed_alpha_half,24,8,DISCOVERY_TANGENT_SUPPORTED,67.34162702006455,3.3412664748603333,1.3104615449643477,2.3258640099123404,3.23991363379442,0.9359705196447514,3.365686987539809,0.33145508603930374,3.0342319015005055,False
adaln_modulation_projection_all_blocks_stage10_w6,14,adaln_modulation_projection_all_blocks,10,6,0.25,E1-D0R_ROBUST_ALPHA,False,fixed_alpha,23,8,DISCOVERY_TANGENT_SUPPORTED,30.168359961234497,1.1410536105480735,1.4700019035022718,1.3055277570251727,1.4750734559341878,0.2533116403320267,3.1401863212382053,0.1221004186492173,3.018085902588988,False
adaln_modulation_projection_all_blocks_stage10_w6,14,adaln_modulation_projection_all_blocks,10,6,0.25,E1-D0R_ROBUST_ALPHA,False,fixed_alpha_half,23,8,DISCOVERY_TANGENT_SUPPORTED,30.16960984654544,1.1412412221235533,1.4707064359366153,1.3059738290300844,1.47575122638225,0.25362639257941233,3.139886129626643,0.1222181745354008,3.0176679550912424,False
adaln_modulation_projection_all_blocks_stage10_w8,13,adaln_modulation_projection_all_blocks,10,8,1.0,E1-D0_COMMON_ALPHA_STABLE_SOURCE,False,fixed_alpha,24,8,DISCOVERY_TANGENT_SUPPORTED,11.520557832683153,1.3927389347704415,1.7194401054985022,1.556089520134472,1.4026228604181574,0.21072645276448915,2.001957120749976,-0.10383200073224909,2.1057891214822253,False
adaln_modulation_projection_all_blocks_stage10_w8,13,adaln_modulation_projection_all_blocks,10,8,1.0,E1-D0_COMMON_ALPHA_STABLE_SOURCE,False,fixed_alpha_half,24,8,DISCOVERY_TANGENT_SUPPORTED,11.512321306669174,1.3916308906061483,1.7124878798559207,1.5520593852310345,1.4026866278291912,0.20747085171740723,2.003835195073065,-0.10119326717592138,2.1050284622489865,False
adaln_modulation_projection_all_blocks_stage15_w4,18,adaln_modulation_projection_all_blocks,15,4,1.0,E1-D0_COMMON_ALPHA_STABLE_SOURCE,False,fixed_alpha,24,8,DISCOVERY_TANGENT_SUPPORTED,2.5850074794754967,0.49930741363219444,0.5004813877691776,0.499894400700686,0.5328915509821103,0.002348445341447423,1.6430868028344632,0.06392105686848842,1.5791657459659747,False
adaln_modulation_projection_all_blocks_stage15_w4,18,adaln_modulation_projection_all_blocks,15,4,1.0,E1-D0_COMMON_ALPHA_STABLE_SOURCE,False,fixed_alpha_half,24,8,DISCOVERY_TANGENT_SUPPORTED,2.588698389504111,0.4993253435690685,0.5005025621088646,0.49991395283896656,0.5329661064888397,0.002354843422777015,1.644474486766632,0.06402184277648815,1.5804526439901438,False
adaln_modulation_projection_all_blocks_stage15_w6,17,adaln_modulation_projection_all_blocks,15,6,1.0,E1-D0_COMMON_ALPHA_STABLE_SOURCE,False,fixed_alpha,24,8,DISCOVERY_TANGENT_SUPPORTED,1.9474974626232928,0.49552112745633536,0.4994742021330269,0.49749766479468116,0.5172658016556779,0.007945957851851619,1.3647096121472664,0.038966002809925016,1.3257436093373414,False
adaln_modulation_projection_all_blocks_stage15_w6,17,adaln_modulation_projection_all_blocks,15,6,1.0,E1-D0_COMMON_ALPHA_STABLE_SOURCE,False,fixed_alpha_half,24,8,DISCOVERY_TANGENT_SUPPORTED,1.9473413294158728,0.49552371503160303,0.4994752793435256,0.4974994971875643,0.5172644056758331,0.0079428926248942,1.3646257545216964,0.038959620827062294,1.325666133694634,False
adaln_modulation_projection_all_blocks_stage15_w8,16,adaln_modulation_projection_all_blocks,15,8,1.0,E1-D0_COMMON_ALPHA_STABLE_SOURCE,False,fixed_alpha,24,8,DISCOVERY_TANGENT_SUPPORTED,0.8329297050784872,0.49356625217814637,0.5050554981582197,0.49931087516818307,0.5101845951434372,0.02301122111612642,0.5117203528462317,0.02154371339256475,0.4901766394536669,False
adaln_modulation_projection_all_blocks_stage15_w8,16,adaln_modulation_projection_all_blocks,15,8,1.0,E1-D0_COMMON_ALPHA_STABLE_SOURCE,False,fixed_alpha_half,24,8,DISCOVERY_TANGENT_SUPPORTED,0.832919305094454,0.4935687739418407,0.5050801498416659,0.4993244618917533,0.5101723033342319,0.023054920517779017,0.5116806561593714,0.021492409655680556,0.4901882465036908,False
adaln_modulation_projection_all_blocks_stage4_w4,12,adaln_modulation_projection_all_blocks,4,4,0.0625,E1-D0R_ROBUST_ALPHA,False,fixed_alpha,24,8,DISCOVERY_TANGENT_SUPPORTED,25.652888968278848,5.881065233050992,13.390600378607633,9.635832805829313,20.293219683847163,0.8228150889465012,0.9791674620078403,0.7447980909247194,0.23436937108312078,False
adaln_modulation_projection_all_blocks_stage4_w4,12,adaln_modulation_projection_all_blocks,4,4,0.0625,E1-D0R_ROBUST_ALPHA,False,fixed_alpha_half,24,8,DISCOVERY_TANGENT_SUPPORTED,25.364046713961894,5.874935834445676,13.367243179200406,9.62108950682304,20.25916969594664,0.8221120371537136,0.9693751749664562,0.7446500029373354,0.22472517202912093,False
adaln_modulation_projection_all_blocks_stage4_w6,11,adaln_modulation_projection_all_blocks,4,6,0.125,E1-D0R_ROBUST_ALPHA,False,fixed_alpha,24,8,DISCOVERY_TANGENT_SUPPORTED,54.168039626778025,10.827908369429112,10.62526913826607,10.72658875384759,9.650859174805028,0.01889186419361335,1.6193654703363785,-0.10567864435379161,1.72504411469017,False
adaln_modulation_projection_all_blocks_stage4_w6,11,adaln_modulation_projection_all_blocks,4,6,0.125,E1-D0R_ROBUST_ALPHA,False,fixed_alpha_half,24,8,DISCOVERY_TANGENT_SUPPORTED,54.11101486011872,10.771947942751014,10.622298580777349,10.697123261764181,9.686388677118092,0.013989911030745726,1.6210629156996124,-0.09925318038117208,1.7203160960807842,False
adaln_modulation_projection_all_blocks_stage4_w8,10,adaln_modulation_projection_all_blocks,4,8,1.0,E1-D0_COMMON_ALPHA_STABLE_SOURCE,False,fixed_alpha,23,8,DISCOVERY_TANGENT_SUPPORTED,17.07506778688505,5.018328952376701,3.9992036183535773,4.508766285365139,6.006307906731845,0.22700175438868228,1.331595810222428,0.28678666959328436,1.0448091406291435,False
adaln_modulation_projection_all_blocks_stage4_w8,10,adaln_modulation_projection_all_blocks,4,8,1.0,E1-D0_COMMON_ALPHA_STABLE_SOURCE,False,fixed_alpha_half,23,8,DISCOVERY_TANGENT_SUPPORTED,17.07093209325613,5.0081089966099075,3.996614620967811,4.5023618087888595,5.999181205210619,0.22561074004982604,1.3327750339998432,0.28702088862741953,1.0457541453724235,False
attention_output_all_blocks_stage10_w4,24,attention_output_all_blocks,10,4,0.0625,E1-D0R_ROBUST_ALPHA,False,fixed_alpha,23,8,DISCOVERY_TANGENT_SUPPORTED,68.52070691086253,1.192566992459809,1.3795949078441896,1.2860809501519994,3.7185404121381795,0.14568179067010517,3.9755364191816964,1.0617316578869798,2.913804761294717,False
attention_output_all_blocks_stage10_w4,24,attention_output_all_blocks,10,4,0.0625,E1-D0R_ROBUST_ALPHA,False,fixed_alpha_half,23,8,DISCOVERY_TANGENT_SUPPORTED,68.51576717898307,1.1925334571243764,1.3806805521468064,1.2866070046355915,3.721424131350813,0.14649653166277213,3.9750553722973785,1.062097901752915,2.9129574705444634,False
attention_output_all_blocks_stage10_w6,23,attention_output_all_blocks,10,6,0.25,E1-D0R_ROBUST_ALPHA,False,fixed_alpha,24,8,DISCOVERY_TANGENT_SUPPORTED,79.85553007559895,1.4180192577179473,1.6254425456171628,1.521730901667555,2.9050340706279165,0.13651910555050742,3.9603706899925237,0.6465966804362897,3.3137740095562336,False
attention_output_all_blocks_stage10_w6,23,attention_output_all_blocks,10,6,0.25,E1-D0R_ROBUST_ALPHA,False,fixed_alpha_half,24,8,DISCOVERY_TANGENT_SUPPORTED,79.94551595001339,1.4184383815215271,1.6278957000919894,1.5231670408067584,2.9107719983116636,0.13773166410335258,3.96055360533368,0.647626590820824,3.3129270145128564,False
attention_output_all_blocks_stage10_w8,22,attention_output_all_blocks,10,8,1.0,E1-D0_COMMON_ALPHA_STABLE_SOURCE,False,fixed_alpha,24,8,DISCOVERY_TANGENT_SUPPORTED,20.67126799810622,1.1434116270752575,1.4611180397225985,1.302264833398928,1.4428662468639442,0.24518547463510468,2.76463978849423,0.10252665630900606,2.662113132185224,False
attention_output_all_blocks_stage10_w8,22,attention_output_all_blocks,10,8,1.0,E1-D0_COMMON_ALPHA_STABLE_SOURCE,False,fixed_alpha_half,24,8,DISCOVERY_TANGENT_SUPPORTED,20.98634654241282,1.1433644627667316,1.460229010762763,1.3017967367647474,1.442526646811722,0.24461808105757404,2.7801266461848506,0.10265077644639874,2.6774758697384518,False
attention_output_all_blocks_stage15_w4,27,attention_output_all_blocks,15,4,0.5,E1-D0_COMMON_ALPHA_STABLE_SOURCE,False,fixed_alpha,24,8,DISCOVERY_TANGENT_SUPPORTED,2.8828523067699297,0.4908960201629293,0.4965978980898529,0.4937469591263911,0.5713560364389177,0.0115483066576261,1.7645123098531428,0.14598938929272826,1.6185229205604144,False
attention_output_all_blocks_stage15_w4,27,attention_output_all_blocks,15,4,0.5,E1-D0_COMMON_ALPHA_STABLE_SOURCE,False,fixed_alpha_half,24,8,DISCOVERY_TANGENT_SUPPORTED,2.889813155970413,0.49091174321552367,0.4965958331033516,0.4937537881594376,0.5713947370203244,0.01151211960194162,1.766910138695555,0.14604329067174204,1.6208668480238129,False
attention_output_all_blocks_stage15_w6,26,attention_output_all_blocks,15,6,1.0,E1-D0_COMMON_ALPHA_STABLE_SOURCE,False,fixed_alpha,24,8,DISCOVERY_TANGENT_SUPPORTED,2.7748277172901803,0.5077003848566255,0.4889824929839158,0.4983414389202706,0.5513678093941933,0.03756479282741174,1.7170584779776135,0.10111665469814644,1.615941823279467,False
attention_output_all_blocks_stage15_w6,26,attention_output_all_blocks,15,6,1.0,E1-D0_COMMON_ALPHA_STABLE_SOURCE,False,fixed_alpha_half,24,8,DISCOVERY_TANGENT_SUPPORTED,2.7741454169755038,0.5077107170874305,0.4889829933334789,0.49834685521045474,0.5513808517814527,0.037584120414412045,1.7168016899149816,0.10112944044861912,1.6156722494663625,False
attention_output_all_blocks_stage15_w8,25,attention_output_all_blocks,15,8,1.0,E1-D0_COMMON_ALPHA_STABLE_SOURCE,False,fixed_alpha,24,8,DISCOVERY_TANGENT_SUPPORTED,1.072798464220825,0.49310527541182936,0.49200723669347635,0.49255625605265285,0.5209678065241213,0.0022292665245788007,0.7784172208284169,0.05607956856730902,0.7223376522611079,False
attention_output_all_blocks_stage15_w8,25,attention_output_all_blocks,15,8,1.0,E1-D0_COMMON_ALPHA_STABLE_SOURCE,False,fixed_alpha_half,24,8,DISCOVERY_TANGENT_SUPPORTED,1.0727969378733662,0.4931222841159926,0.4920038021224622,0.4925630431192274,0.5209742234536563,0.0022707397352549298,0.7784020188785924,0.056078106639007315,0.7223239122395851,False
attention_output_all_blocks_stage4_w4,21,attention_output_all_blocks,4,4,0.125,E1-D0R_ROBUST_ALPHA,False,fixed_alpha,23,8,DISCOVERY_TANGENT_SUPPORTED,39.58129511350884,4.017089898492195,8.238634520621508,6.127862209556851,14.166951813862012,0.7182768820357128,1.8655107142517797,0.838065968297155,1.027444745954625,False
attention_output_all_blocks_stage4_w4,21,attention_output_all_blocks,4,4,0.125,E1-D0R_ROBUST_ALPHA,False,fixed_alpha_half,23,8,DISCOVERY_TANGENT_SUPPORTED,39.5374107823421,4.0086948603330645,8.225559790024537,6.117127325178801,14.151767352090143,0.7187806368103573,1.866154737081621,0.8387469224825296,1.0274078145990913,False
attention_output_all_blocks_stage4_w6,20,attention_output_all_blocks,4,6,0.5,E1-D0R_ROBUST_ALPHA,False,fixed_alpha,23,8,DISCOVERY_TANGENT_SUPPORTED,22.141443238721,6.385295801949696,10.494599928631393,8.439947865290545,7.161551852868931,0.49686301631198226,0.9644749805995053,-0.16424943477500528,1.1287244153745106,False
attention_output_all_blocks_stage4_w6,20,attention_output_all_blocks,4,6,0.5,E1-D0R_ROBUST_ALPHA,False,fixed_alpha_half,23,8,DISCOVERY_TANGENT_SUPPORTED,22.153549958377777,6.386886417745908,10.501995653855918,8.444441035800914,7.164547206458764,0.49731841030422885,0.9644893933558192,-0.16436349520232224,1.1288528885581413,False
attention_output_all_blocks_stage4_w8,19,attention_output_all_blocks,4,8,1.0,E1-D0_COMMON_ALPHA_STABLE_SOURCE,False,fixed_alpha,24,8,DISCOVERY_TANGENT_SUPPORTED,10.695365629776365,28.608660041056275,15.54260221226928,22.075631126662778,15.669586773698372,0.6101246871820101,-0.7246638072582637,-0.3427526507065728,-0.381911156551691,False
attention_output_all_blocks_stage4_w8,19,attention_output_all_blocks,4,8,1.0,E1-D0_COMMON_ALPHA_STABLE_SOURCE,False,fixed_alpha_half,24,8,DISCOVERY_TANGENT_SUPPORTED,10.689384042202992,27.971057235412896,15.443569354143365,21.70731329477813,15.613662123424861,0.5939776117398265,-0.7083981185839421,-0.32950291383201513,-0.3788952047519269,False
input_patch_projection_stage10_w4,33,input_patch_projection,10,4,0.25,E1-D0R_ROBUST_ALPHA,False,fixed_alpha,23,8,DISCOVERY_TANGENT_SUPPORTED,1.6581847595391515,1.352025239761052,1.0550742843083571,1.2035497620347044,1.1914470980802925,0.2479924697929013,0.3204481605403232,-0.010106708008870617,0.3305548685491939,False
input_patch_projection_stage10_w4,33,input_patch_projection,10,4,0.25,E1-D0R_ROBUST_ALPHA,False,fixed_alpha_half,23,8,DISCOVERY_TANGENT_SUPPORTED,1.6567849402727421,1.353383040583395,1.054862230703507,1.2041226356434511,1.1919124471871936,0.24919724237622992,0.3191277428645678,-0.010192082947057958,0.32931982581162583,False
input_patch_projection_stage10_w6,32,input_patch_projection,10,6,0.5,E1-D0R_ROBUST_ALPHA,False,fixed_alpha,24,8,DISCOVERY_TANGENT_SUPPORTED,9.369407715762748,1.3142858485993063,1.0887812784115076,1.201533563505407,2.781692977398544,0.18823445968671496,2.053851173081048,0.8394610165486388,1.2143901565324093,False
input_patch_projection_stage10_w6,32,input_patch_projection,10,6,0.5,E1-D0R_ROBUST_ALPHA,False,fixed_alpha_half,24,8,DISCOVERY_TANGENT_SUPPORTED,8.316230245451703,1.3134108006130663,1.0887139248740885,1.2010623627435772,2.7366159092564195,0.18763030394893568,1.935002589224407,0.8235156200271497,1.1114869691972573,False
input_patch_projection_stage10_w8,31,input_patch_projection,10,8,1.0,E1-D0_COMMON_ALPHA_STABLE_SOURCE,False,fixed_alpha,23,8,DISCOVERY_TANGENT_SUPPORTED,2.1054319204605103,1.1094941904434306,1.1903423542139504,1.1499182723286905,1.3481092188180175,0.07033673118120791,0.6048297616439471,0.15901215976049904,0.4458176018834481,False
input_patch_projection_stage10_w8,31,input_patch_projection,10,8,1.0,E1-D0_COMMON_ALPHA_STABLE_SOURCE,False,fixed_alpha_half,23,8,DISCOVERY_TANGENT_SUPPORTED,2.1040397428083346,1.109510589216754,1.1908309064780334,1.1501707478473937,1.347739042061282,0.07073229672559157,0.6039487761218563,0.15851799703137215,0.44543077909048395,False
input_patch_projection_stage15_w4,36,input_patch_projection,15,4,1.0,E1-D0_COMMON_ALPHA_STABLE_SOURCE,False,fixed_alpha,24,8,DISCOVERY_TANGENT_SUPPORTED,0.4725231766626074,0.5002519502666254,0.49794137250819803,0.4990966613874117,0.4673754424685528,0.004629527832937938,-0.05471299031871206,-0.06566690718057715,0.010953916861865193,False
input_patch_projection_stage15_w4,36,input_patch_projection,15,4,1.0,E1-D0_COMMON_ALPHA_STABLE_SOURCE,False,fixed_alpha_half,24,8,DISCOVERY_TANGENT_SUPPORTED,0.47219268812692416,0.5004551495382344,0.4980420434771745,0.4992485965077045,0.46752481227021564,0.004833485313669463,-0.055717021254261714,-0.06565173939544028,0.009934718141178734,False
input_patch_projection_stage15_w6,35,input_patch_projection,15,6,1.0,E1-D0_COMMON_ALPHA_STABLE_SOURCE,False,fixed_alpha,24,8,DISCOVERY_TANGENT_SUPPORTED,0.4637247863888302,0.4959391966829539,0.4802576183655054,0.4880984075242296,0.474247701060071,0.03213066702223689,-0.05122579681559828,-0.02878727901047536,-0.022438517805122977,False
input_patch_projection_stage15_w6,35,input_patch_projection,15,6,1.0,E1-D0_COMMON_ALPHA_STABLE_SOURCE,False,fixed_alpha_half,24,8,DISCOVERY_TANGENT_SUPPORTED,0.4637353306212382,0.49592347381809543,0.4802548981071611,0.4880891859626283,0.47425951745215555,0.032104627489896266,-0.051184165937299825,-0.028743470232928725,-0.022440695704371152,False
input_patch_projection_stage15_w8,34,input_patch_projection,15,8,1.0,E1-D0_COMMON_ALPHA_STABLE_SOURCE,False,fixed_alpha,24,8,DISCOVERY_TANGENT_SUPPORTED,0.4647833333757765,0.4893400456586644,0.48964120012977475,0.4894906228942196,0.4795665781563316,0.0006152405511450903,-0.05179395801952206,-0.020482571477348024,-0.03131138654217399,False
input_patch_projection_stage15_w8,34,input_patch_projection,15,8,1.0,E1-D0_COMMON_ALPHA_STABLE_SOURCE,False,fixed_alpha_half,24,8,DISCOVERY_TANGENT_SUPPORTED,0.4647801799752105,0.48934597404312674,0.48963063428888665,0.4894883041660067,0.4795688205368704,0.0005815465892847085,-0.05179600567648347,-0.020473158606081045,-0.03132284707040252,False
input_patch_projection_stage4_w4,30,input_patch_projection,4,4,0.03125,E1-D0R_ROBUST_ALPHA,False,fixed_alpha,24,8,DISCOVERY_TANGENT_SUPPORTED,11.61163818536207,17.355133359031587,29.221769653991537,23.288451506511564,21.737958786820236,0.5210256341265745,-0.6959497072094568,-0.06889760896811498,-0.6270520982413418,False
input_patch_projection_stage4_w4,30,input_patch_projection,4,4,0.03125,E1-D0R_ROBUST_ALPHA,False,fixed_alpha_half,24,8,DISCOVERY_TANGENT_SUPPORTED,11.572149110448478,17.311848877910077,28.65771318529162,22.984781031600846,21.376476218130232,0.5040314547542776,-0.6862310301519534,-0.07254122736004871,-0.6136898027919047,False
input_patch_projection_stage4_w6,29,input_patch_projection,4,6,0.25,E1-D0R_ROBUST_ALPHA,False,fixed_alpha,23,8,DISCOVERY_TANGENT_SUPPORTED,5.1434975538037,4.640593881400982,6.543891763499912,5.592242822450447,3.697872860821193,0.34368970962701734,-0.08364712117473418,-0.4136226753241128,0.3299755541493787,False
input_patch_projection_stage4_w6,29,input_patch_projection,4,6,0.25,E1-D0R_ROBUST_ALPHA,False,fixed_alpha_half,23,8,DISCOVERY_TANGENT_SUPPORTED,5.129117911693312,4.645044132569006,6.547439780536018,5.596241956552512,3.6965059834017047,0.34327322672376215,-0.08716159591987352,-0.41470724859914937,0.3275456526792759,False
input_patch_projection_stage4_w8,28,input_patch_projection,4,8,1.0,E1-D0_COMMON_ALPHA_STABLE_SOURCE,False,fixed_alpha,23,8,DISCOVERY_TANGENT_SUPPORTED,7.0999886523469,5.897256792127937,4.360947860771065,5.129102326449502,4.250356639197383,0.30179785930932296,0.3251625270115558,-0.18792776425252022,0.5130902912640759,False
input_patch_projection_stage4_w8,28,input_patch_projection,4,8,1.0,E1-D0_COMMON_ALPHA_STABLE_SOURCE,False,fixed_alpha_half,23,8,DISCOVERY_TANGENT_SUPPORTED,7.064681746535177,5.894039467313492,4.3592619744749666,5.126650720894229,4.250410401467776,0.3016388093545062,0.3206554035842127,-0.18743702172035567,0.5080924253045683,False
mlp_down_all_blocks_stage10_w4,42,mlp_down_all_blocks,10,4,0.001953125,E1-D0R_ROBUST_ALPHA,False,fixed_alpha,24,8,DISCOVERY_TANGENT_SUPPORTED,15.447679815448858,1.4472475068361204,1.7930276335220923,1.6201375701791063,1.60305651077023,0.21424212511113055,2.25494775280674,-0.010598939364640635,2.2655466921713807,False
mlp_down_all_blocks_stage10_w4,42,mlp_down_all_blocks,10,4,0.001953125,E1-D0R_ROBUST_ALPHA,False,fixed_alpha_half,24,8,DISCOVERY_TANGENT_SUPPORTED,15.426854667887298,1.4478896290159775,1.793466491917211,1.6206780604665942,1.6034208957317904,0.21404326674434912,2.253265182834141,-0.01070521083693666,2.2639703936710776,False
mlp_down_all_blocks_stage10_w6,41,mlp_down_all_blocks,10,6,0.0625,E1-D0R_ROBUST_ALPHA,False,fixed_alpha,24,8,DISCOVERY_TANGENT_SUPPORTED,20.87359626336312,3.6187119506641343,2.198935135525988,2.9088235430950613,1.5056584711056387,0.4981449339090304,1.9707363048904785,-0.6585183938713893,2.629254698761868,False
mlp_down_all_blocks_stage10_w6,41,mlp_down_all_blocks,10,6,0.0625,E1-D0R_ROBUST_ALPHA,False,fixed_alpha_half,24,8,DISCOVERY_TANGENT_SUPPORTED,20.623703973154125,3.5887808553369367,2.191329927752002,2.890055391544469,1.5057460454065354,0.4933039177522825,1.965165424016074,-0.6519871819548548,2.617152605970929,False
mlp_down_all_blocks_stage10_w8,40,mlp_down_all_blocks,10,8,1.0,E1-D0_COMMON_ALPHA_STABLE_SOURCE,False,fixed_alpha,24,8,DISCOVERY_TANGENT_SUPPORTED,21.516648046189538,2.6238617718754793,1.9595549991219432,2.291708385498711,1.625070772129096,0.29192978509283235,2.2395294039262352,-0.3437461923872995,2.5832755963135345,False
mlp_down_all_blocks_stage10_w8,40,mlp_down_all_blocks,10,8,1.0,E1-D0_COMMON_ALPHA_STABLE_SOURCE,False,fixed_alpha_half,24,8,DISCOVERY_TANGENT_SUPPORTED,21.494481541061024,2.597747607803205,1.953332990783983,2.275540299293594,1.6253396704486915,0.2851076253233612,2.2455787112781835,-0.3365006964937937,2.5820794077719773,False
mlp_down_all_blocks_stage15_w4,45,mlp_down_all_blocks,15,4,0.125,E1-D0_COMMON_ALPHA_STABLE_SOURCE,False,fixed_alpha,24,8,DISCOVERY_TANGENT_SUPPORTED,2.0700930578485064,0.4952330304335814,0.49171850941459855,0.49347576992409,0.46341957242553733,0.007122002920379748,1.4338750814945773,-0.06284091156256251,1.4967159930571399,False
mlp_down_all_blocks_stage15_w4,45,mlp_down_all_blocks,15,4,0.125,E1-D0_COMMON_ALPHA_STABLE_SOURCE,False,fixed_alpha_half,24,8,DISCOVERY_TANGENT_SUPPORTED,2.0913551505559718,0.49614977284842854,0.4919424849352008,0.49404612889181465,0.463471622545197,0.008516033411026067,1.4429386410833398,-0.06388373230252972,1.5068223733858697,False
mlp_down_all_blocks_stage15_w6,44,mlp_down_all_blocks,15,6,1.0,E1-D0_COMMON_ALPHA_STABLE_SOURCE,False,fixed_alpha,24,8,DISCOVERY_TANGENT_SUPPORTED,2.1022974228378213,0.4960170112254396,0.5002162364225814,0.4981166238240105,0.49197433547617725,0.008430254815639141,1.4399518025995381,-0.012407682527902994,1.452359485127441,False
mlp_down_all_blocks_stage15_w6,44,mlp_down_all_blocks,15,6,1.0,E1-D0_COMMON_ALPHA_STABLE_SOURCE,False,fixed_alpha_half,24,8,DISCOVERY_TANGENT_SUPPORTED,2.105395201297054,0.4960703230498163,0.5002638127495979,0.4981670678997071,0.4918938843672442,0.008417887758579858,1.4413229741040343,-0.012672487425679745,1.4539954615297142,False
mlp_down_all_blocks_stage15_w8,43,mlp_down_all_blocks,15,8,1.0,E1-D0_COMMON_ALPHA_STABLE_SOURCE,False,fixed_alpha,24,8,DISCOVERY_TANGENT_SUPPORTED,1.6169250027294775,0.4998985906011213,0.4908685077406061,0.4953835491708637,0.5313976782098306,0.018228972134513827,1.1829491686605413,0.07017835478156315,1.1127708138789782,False
mlp_down_all_blocks_stage15_w8,43,mlp_down_all_blocks,15,8,1.0,E1-D0_COMMON_ALPHA_STABLE_SOURCE,False,fixed_alpha_half,24,8,DISCOVERY_TANGENT_SUPPORTED,1.6169103527231883,0.4999094063006604,0.49087822133260617,0.4953938138166333,0.5313990265144234,0.01823081930090004,1.1829193878195896,0.07016017166998186,1.1127592161496078,False
mlp_down_all_blocks_stage4_w4,39,mlp_down_all_blocks,4,4,0.0009765625,E1-D0R_ROBUST_ALPHA,False,fixed_alpha,24,8,DISCOVERY_TANGENT_SUPPORTED,52.74451803584566,28.48076268566544,8.47104479159501,18.475903738630223,4.712769974949628,1.2125750128034851,1.048992460986195,-1.366191542231333,2.415184003217528,False
mlp_down_all_blocks_stage4_w4,39,mlp_down_all_blocks,4,4,0.0009765625,E1-D0R_ROBUST_ALPHA,False,fixed_alpha_half,24,8,DISCOVERY_TANGENT_SUPPORTED,52.604437795653396,28.109038194648466,8.491259063972665,18.300148629310566,4.720753764239792,1.1970538795896715,1.055891303288837,-1.354940698973683,2.41083200226252,False
mlp_down_all_blocks_stage4_w6,38,mlp_down_all_blocks,4,6,0.0625,E1-D0T_FIXED_TANGENT_ALPHA,False,fixed_alpha,23,8,DISCOVERY_TANGENT_SUPPORTED,33.02313325387306,7.405096271472568,4.273757948899768,5.839427110186168,4.452989662892004,0.5496749266040885,1.7325756291110852,-0.2710569895011631,2.003632618612248,False
mlp_down_all_blocks_stage4_w6,38,mlp_down_all_blocks,4,6,0.0625,E1-D0T_FIXED_TANGENT_ALPHA,False,fixed_alpha_half,23,8,DISCOVERY_TANGENT_SUPPORTED,32.90773250281435,7.3983933363012575,4.274649464699024,5.836521400500141,4.455537863416601,0.5485607574556415,1.7295726918661194,-0.26998718260638316,1.9995598744725027,False
mlp_down_all_blocks_stage4_w8,37,mlp_down_all_blocks,4,8,1.0,E1-D0_COMMON_ALPHA_STABLE_SOURCE,False,fixed_alpha,23,8,DISCOVERY_TANGENT_SUPPORTED,18.04036631091042,4.699625265748072,5.87779517655566,5.288710221151866,19.007359271763832,0.22369894677273627,1.2270374182956068,1.279251832650781,-0.05221441435517397,False
mlp_down_all_blocks_stage4_w8,37,mlp_down_all_blocks,4,8,1.0,E1-D0_COMMON_ALPHA_STABLE_SOURCE,False,fixed_alpha_half,23,8,DISCOVERY_TANGENT_SUPPORTED,18.05818682445793,4.701726477731496,5.882782997200843,5.29225473746617,18.868335947023805,0.22410017183131842,1.2273547642061857,1.2712407889588782,-0.04388602475269242,False
mlp_up_gate_all_blocks_stage10_w4,51,mlp_up_gate_all_blocks,10,4,0.03125,E1-D0R_ROBUST_ALPHA,False,fixed_alpha,24,8,DISCOVERY_TANGENT_SUPPORTED,1182.663374372207,2.9121938984193543,1.8410634663464627,2.3766286823829086,5.990670791676312,0.45856333861280185,6.209841307505184,0.9245204276489878,5.285320879856196,False
mlp_up_gate_all_blocks_stage10_w4,51,mlp_up_gate_all_blocks,10,4,0.03125,E1-D0R_ROBUST_ALPHA,False,fixed_alpha_half,24,8,DISCOVERY_TANGENT_SUPPORTED,1006.3668063252155,2.9090654623899166,1.8445782576306577,2.376821860010287,5.991058431327778,0.4555812179471017,6.048337660447725,0.9245038538703511,5.123833806577374,False
mlp_up_gate_all_blocks_stage10_w6,50,mlp_up_gate_all_blocks,10,6,0.5,E1-D0R_ROBUST_ALPHA,False,fixed_alpha,24,8,DISCOVERY_TANGENT_SUPPORTED,68.60628738409247,1.1840754356712653,1.0973837844699277,1.1407296100705966,3.8614627842125664,0.07603327777569277,4.096716116839362,1.2193780048082818,2.87733811203108,False
mlp_up_gate_all_blocks_stage10_w6,50,mlp_up_gate_all_blocks,10,6,0.5,E1-D0R_ROBUST_ALPHA,False,fixed_alpha_half,24,8,DISCOVERY_TANGENT_SUPPORTED,69.02252147443232,1.1835705875285354,1.0974693794921848,1.14051998351036,3.856938087730402,0.07552882588240546,4.1029485652222455,1.2183893428746921,2.8845592223475536,False
mlp_up_gate_all_blocks_stage10_w8,49,mlp_up_gate_all_blocks,10,8,1.0,E1-D0_COMMON_ALPHA_STABLE_SOURCE,False,fixed_alpha,24,8,DISCOVERY_TANGENT_SUPPORTED,24.28866910472526,1.8079070558473724,1.4981956838194845,1.6530513698334284,2.2394504152884354,0.18790834686780158,2.68738705452672,0.3036075903607201,2.383779464166,False
mlp_up_gate_all_blocks_stage10_w8,49,mlp_up_gate_all_blocks,10,8,1.0,E1-D0_COMMON_ALPHA_STABLE_SOURCE,False,fixed_alpha_half,24,8,DISCOVERY_TANGENT_SUPPORTED,23.84230778016439,1.8046480053212322,1.4972910431933346,1.6509695242572833,2.235445756342995,0.18670805769373047,2.6700989345635295,0.3030779459254536,2.367020988638076,False
mlp_up_gate_all_blocks_stage15_w4,54,mlp_up_gate_all_blocks,15,4,0.5,E1-D0_COMMON_ALPHA_STABLE_SOURCE,False,fixed_alpha,24,8,DISCOVERY_TANGENT_SUPPORTED,2.9501318660243543,0.49606939445266607,0.5005076392621143,0.4982885168573902,0.5774166558156938,0.008907036790370672,1.7784258882972317,0.1473848526622639,1.6310410356349678,False
mlp_up_gate_all_blocks_stage15_w4,54,mlp_up_gate_all_blocks,15,4,0.5,E1-D0_COMMON_ALPHA_STABLE_SOURCE,False,fixed_alpha_half,24,8,DISCOVERY_TANGENT_SUPPORTED,2.966516253345955,0.4961130776944851,0.5005715874645357,0.4983423325795104,0.5775500162057964,0.008946740459997183,1.7838563089658335,0.14750779111264292,1.6363485178531907,False
mlp_up_gate_all_blocks_stage15_w6,53,mlp_up_gate_all_blocks,15,6,1.0,E1-D0_COMMON_ALPHA_STABLE_SOURCE,False,fixed_alpha,24,8,DISCOVERY_TANGENT_SUPPORTED,2.5612944591228346,0.5056066996419294,0.49453066505971505,0.5000686823508222,0.5544236099927766,0.022149932224611715,1.6335226040813764,0.10318357984579929,1.530339024235577,False
mlp_up_gate_all_blocks_stage15_w6,53,mlp_up_gate_all_blocks,15,6,1.0,E1-D0_COMMON_ALPHA_STABLE_SOURCE,False,fixed_alpha_half,24,8,DISCOVERY_TANGENT_SUPPORTED,2.562201305304064,0.5056283918119462,0.494544188969843,0.5000862903908946,0.5544335211885686,0.02216548796737017,1.633841388555167,0.10316624563853888,1.5306751429166283,False
mlp_up_gate_all_blocks_stage15_w8,52,mlp_up_gate_all_blocks,15,8,1.0,E1-D0_COMMON_ALPHA_STABLE_SOURCE,False,fixed_alpha,24,8,DISCOVERY_TANGENT_SUPPORTED,1.5223626918481221,0.49628437671619635,0.4874492477071905,0.4918668122116934,0.5319235633594552,0.017962924830816233,1.1298108365810244,0.0782918281654431,1.0515190084155814,False
mlp_up_gate_all_blocks_stage15_w8,52,mlp_up_gate_all_blocks,15,8,1.0,E1-D0_COMMON_ALPHA_STABLE_SOURCE,False,fixed_alpha_half,24,8,DISCOVERY_TANGENT_SUPPORTED,1.5224445447924893,0.4962928811629619,0.4874569235011539,0.4918749023320579,0.5319337021835601,0.017964314187358825,1.129848154529951,0.07829444101109573,1.0515537135188555,False
mlp_up_gate_all_blocks_stage4_w4,48,mlp_up_gate_all_blocks,4,4,0.125,E1-D0T_FIXED_TANGENT_ALPHA,False,fixed_alpha,23,8,DISCOVERY_TANGENT_SUPPORTED,65.62865999964218,3.7233123038806633,4.7305099426592445,4.226911123269954,42.66917389315554,0.23941933060077436,2.7425409953754545,2.3120052412415717,0.4305357541338829,False
mlp_up_gate_all_blocks_stage4_w4,48,mlp_up_gate_all_blocks,4,4,0.125,E1-D0T_FIXED_TANGENT_ALPHA,False,fixed_alpha_half,23,8,DISCOVERY_TANGENT_SUPPORTED,65.65229229288046,3.7224044467308026,4.72488970179919,4.2236470742649965,42.654974678209484,0.23847440100404918,2.7436735265956105,2.3124449162995186,0.4312286102960918,False
mlp_up_gate_all_blocks_stage4_w6,47,mlp_up_gate_all_blocks,4,6,0.25,E1-D0R_ROBUST_ALPHA,False,fixed_alpha,23,8,DISCOVERY_TANGENT_SUPPORTED,59.0580695026267,5.6936798626994625,5.982047920645528,5.837863891672495,20.29728697666845,0.049406207328556176,2.314156230772789,1.246122272691359,1.0680339580814298,False
mlp_up_gate_all_blocks_stage4_w6,47,mlp_up_gate_all_blocks,4,6,0.25,E1-D0R_ROBUST_ALPHA,False,fixed_alpha_half,23,8,DISCOVERY_TANGENT_SUPPORTED,59.08748499009421,5.6933417129750765,5.985013797149979,5.8391777550625275,20.295857202457288,0.04996127277023555,2.3144291505293446,1.2458267949626334,1.0686023555667112,False
mlp_up_gate_all_blocks_stage4_w8,46,mlp_up_gate_all_blocks,4,8,1.0,E1-D0_COMMON_ALPHA_STABLE_SOURCE,False,fixed_alpha,24,8,DISCOVERY_TANGENT_SUPPORTED,27.47746377172196,4.462918962113813,7.946273145565643,6.204596053839728,40.09040807474085,0.5769000042637389,1.488075853058315,1.8658467891374013,-0.3777709360790866,False
mlp_up_gate_all_blocks_stage4_w8,46,mlp_up_gate_all_blocks,4,8,1.0,E1-D0_COMMON_ALPHA_STABLE_SOURCE,False,fixed_alpha_half,24,8,DISCOVERY_TANGENT_SUPPORTED,27.46210495174637,4.471017489988566,7.943005450009948,6.207011469999257,39.161710942575986,0.5746757146725779,1.4871275172569693,1.842019972441565,-0.35489245518459567,False
output_conditioning_projection_stage10_w4,60,output_conditioning_projection,10,4,1.0,E1-D0R_ROBUST_ALPHA,False,fixed_alpha,24,8,DISCOVERY_TANGENT_SUPPORTED,2.8847255931122584,1.5885346288893203,3.492337963194966,2.5404362960421434,1.2519104292148313,0.7877594411921205,0.1270939440222787,-0.7076651084170171,0.8347590524392958,False
output_conditioning_projection_stage10_w4,60,output_conditioning_projection,10,4,1.0,E1-D0R_ROBUST_ALPHA,False,fixed_alpha_half,24,8,DISCOVERY_TANGENT_SUPPORTED,2.8680806010981024,1.5901861524916656,3.2586610418353352,2.4244235971635004,1.2511966863047945,0.717465301227337,0.16804922168825495,-0.6614933618531964,0.8295425835414513,False
output_conditioning_projection_stage10_w6,59,output_conditioning_projection,10,6,1.0,E1-D0R_ROBUST_ALPHA,False,fixed_alpha,24,8,DISCOVERY_TANGENT_SUPPORTED,3.416906817339991,1.8035430847915526,2.0898451421449997,1.946694113468276,2.201915713777831,0.1473368579445869,0.5626030949911511,0.12319515298909729,0.4394079420020538,False
output_conditioning_projection_stage10_w6,59,output_conditioning_projection,10,6,1.0,E1-D0R_ROBUST_ALPHA,False,fixed_alpha_half,24,8,DISCOVERY_TANGENT_SUPPORTED,3.393799516365489,1.7985728735320987,2.087703211093116,1.9431380423126074,2.194189549507292,0.14907101724226904,0.5576458812132691,0.12150853877152969,0.4361373424417394,False
output_conditioning_projection_stage10_w8,58,output_conditioning_projection,10,8,1.0,E1-D0_COMMON_ALPHA_STABLE_SOURCE,False,fixed_alpha,24,8,DISCOVERY_TANGENT_SUPPORTED,3.605750271930967,1.3275212193703274,1.9659847337120016,1.6467529765411646,1.1898741519902636,0.3926797980772861,0.7837244128357539,-0.3249579091606574,1.1086823219964113,False
output_conditioning_projection_stage10_w8,58,output_conditioning_projection,10,8,1.0,E1-D0_COMMON_ALPHA_STABLE_SOURCE,False,fixed_alpha_half,24,8,DISCOVERY_TANGENT_SUPPORTED,3.594184040755271,1.3266072524228543,1.9684834724387696,1.647545362430812,1.1907831357291496,0.39463869032902393,0.7800304737124972,-0.3246753331923268,1.104705806904824,False
output_conditioning_projection_stage15_w4,63,output_conditioning_projection,15,4,1.0,E1-D0_COMMON_ALPHA_STABLE_SOURCE,False,fixed_alpha,24,8,DISCOVERY_TANGENT_SUPPORTED,0.5405918839360659,0.49365017335860506,0.4937547761958148,0.49370247477720997,0.48926402195408786,0.00021187424196780058,0.09073156269593154,-0.009030792001052123,0.0997623546969838,False
output_conditioning_projection_stage15_w4,63,output_conditioning_projection,15,4,1.0,E1-D0_COMMON_ALPHA_STABLE_SOURCE,False,fixed_alpha_half,24,8,DISCOVERY_TANGENT_SUPPORTED,0.5406055303066605,0.4936515157312492,0.4937583076664468,0.493704911698848,0.4892638678253922,0.0002163072172940396,0.09075186976475036,-0.009036043023043035,0.09978791278779349,False
output_conditioning_projection_stage15_w6,62,output_conditioning_projection,15,6,1.0,E1-D0_COMMON_ALPHA_STABLE_SOURCE,False,fixed_alpha,24,8,DISCOVERY_TANGENT_SUPPORTED,0.4785521471375655,0.49226071477306194,0.5015318889771061,0.49689630187508405,0.49173911900507195,0.01865870835711143,-0.03761617079905711,-0.01043302625034094,-0.0271831445487162,False
output_conditioning_projection_stage15_w6,62,output_conditioning_projection,15,6,1.0,E1-D0_COMMON_ALPHA_STABLE_SOURCE,False,fixed_alpha_half,24,8,DISCOVERY_TANGENT_SUPPORTED,0.478553146200047,0.4922548167826237,0.501530459488428,0.49689263813552587,0.49172832639884123,0.018667839616372202,-0.037606709848910194,-0.010447601045501456,-0.02715910880340879,False
output_conditioning_projection_stage15_w8,61,output_conditioning_projection,15,8,1.0,E1-D0_COMMON_ALPHA_STABLE_SOURCE,False,fixed_alpha,24,8,DISCOVERY_TANGENT_SUPPORTED,0.47119448944601305,0.48630752708681774,0.5012238385297076,0.4937656828082627,0.49826469817442437,0.030211589230850815,-0.04679014081564319,0.009070379894683997,-0.05586052071032715,False
output_conditioning_projection_stage15_w8,61,output_conditioning_projection,15,8,1.0,E1-D0_COMMON_ALPHA_STABLE_SOURCE,False,fixed_alpha_half,24,8,DISCOVERY_TANGENT_SUPPORTED,0.47120132978412776,0.48628335598500727,0.5012314837426904,0.49375741986384886,0.4982635950535992,0.030276546767623945,-0.04675888921886393,0.009084900652710046,-0.05584378987157399,False
output_conditioning_projection_stage4_w4,57,output_conditioning_projection,4,4,0.125,E1-D0R_ROBUST_ALPHA,False,fixed_alpha,24,8,DISCOVERY_TANGENT_SUPPORTED,19.584171680648126,8.284094937523637,84.14900486676946,46.21654990214655,158.1109249256231,2.318251691044286,-0.8586162842668864,1.2299588862605355,-2.088575170527422,False
output_conditioning_projection_stage4_w4,57,output_conditioning_projection,4,4,0.125,E1-D0R_ROBUST_ALPHA,False,fixed_alpha_half,24,8,DISCOVERY_TANGENT_SUPPORTED,19.718171130174525,8.288144430998129,80.97106284580006,44.6296036383991,144.03393182641133,2.279265730141263,-0.816856794548001,1.1716515119570774,-1.9885083065050781,False
output_conditioning_projection_stage4_w6,56,output_conditioning_projection,4,6,0.5,E1-D0R_ROBUST_ALPHA,False,fixed_alpha,24,8,DISCOVERY_TANGENT_SUPPORTED,19.208088263755524,10.765331597066307,18.540891122139328,14.653111359602818,43.201864562757876,0.543647690223588,0.2706787616555294,1.0812309630847818,-0.8105522014292524,False
output_conditioning_projection_stage4_w6,56,output_conditioning_projection,4,6,0.5,E1-D0R_ROBUST_ALPHA,False,fixed_alpha_half,24,8,DISCOVERY_TANGENT_SUPPORTED,19.09403702554728,10.745527994191663,18.44153826977821,14.593533131984938,41.52643430964436,0.5401159674380065,0.26879759426976196,1.0457517013495847,-0.7769541070798228,False
output_conditioning_projection_stage4_w8,55,output_conditioning_projection,4,8,1.0,E1-D0_COMMON_ALPHA_STABLE_SOURCE,False,fixed_alpha,24,8,DISCOVERY_TANGENT_SUPPORTED,16.80821239074862,8.101197756049372,15.011006886726433,11.556102321387902,12.081151460138663,0.6167718025928483,0.37465396279232016,0.04443287055222535,0.3302210922400948,False
output_conditioning_projection_stage4_w8,55,output_conditioning_projection,4,8,1.0,E1-D0_COMMON_ALPHA_STABLE_SOURCE,False,fixed_alpha_half,24,8,DISCOVERY_TANGENT_SUPPORTED,16.796848754097034,8.080752272839941,14.885678988657263,11.483215630748603,12.074273194324237,0.6109146377842631,0.38030483577730223,0.05019054790406875,0.33011428787323366,False
output_head_projection_stage10_w4,69,output_head_projection,10,4,0.125,E1-D0R_ROBUST_ALPHA,False,fixed_alpha,23,8,DISCOVERY_TANGENT_SUPPORTED,1.6343691281612636,1.1431459520581513,1.098267352309033,1.1207066521835922,1.0907430615169202,0.04005026503847224,0.37729744975463186,-0.027100254000510023,0.40439770375514195,False
output_head_projection_stage10_w4,69,output_head_projection,10,4,0.125,E1-D0R_ROBUST_ALPHA,False,fixed_alpha_half,23,8,DISCOVERY_TANGENT_SUPPORTED,1.6349094376793614,1.1430395233335844,1.098324525115809,1.1206820242246966,1.0904137212932759,0.03990510317662463,0.3776499628439017,-0.02738026512710205,0.40503022797100363,False
output_head_projection_stage10_w6,68,output_head_projection,10,6,0.25,E1-D0R_ROBUST_ALPHA,False,fixed_alpha,24,8,DISCOVERY_TANGENT_SUPPORTED,1.7906079938376689,1.3518113249700046,1.19326327940212,1.2725373021860622,2.6071350260838484,0.12475360973573553,0.3415424404346,0.7172391441667813,-0.3756967037321814,False
output_head_projection_stage10_w6,68,output_head_projection,10,6,0.25,E1-D0R_ROBUST_ALPHA,False,fixed_alpha_half,24,8,DISCOVERY_TANGENT_SUPPORTED,1.7906576071038889,1.3520034275802013,1.1935339047719626,1.272768666176082,2.5362164543713517,0.12466893856425978,0.34138835094404185,0.6894788058906616,-0.3480904549466196,False
output_head_projection_stage10_w8,67,output_head_projection,10,8,1.0,E1-D0_COMMON_ALPHA_STABLE_SOURCE,False,fixed_alpha,24,8,DISCOVERY_TANGENT_SUPPORTED,2.9514426299330956,1.4424835510563885,3.1011100116984256,2.271796781377407,2.1530047363283082,0.7653937994351553,0.26172302587071505,-0.05370663378858252,0.3154296596592976,False
output_head_projection_stage10_w8,67,output_head_projection,10,8,1.0,E1-D0_COMMON_ALPHA_STABLE_SOURCE,False,fixed_alpha_half,24,8,DISCOVERY_TANGENT_SUPPORTED,2.9707683608324342,1.4396752614585253,2.9643735491282603,2.202024405293393,2.1110705522065394,0.722248152933591,0.2994435052280442,-0.042181931945601596,0.34162543717364585,False
output_head_projection_stage15_w4,72,output_head_projection,15,4,1.0,E1-D0_COMMON_ALPHA_STABLE_SOURCE,False,fixed_alpha,24,8,DISCOVERY_TANGENT_SUPPORTED,0.5138415075254231,0.49336566865080445,0.48765043895082993,0.4905080538008172,0.5113937850638095,0.011651784951928442,0.04647316834318077,0.04169821155029445,0.004774956792886178,False
output_head_projection_stage15_w4,72,output_head_projection,15,4,1.0,E1-D0_COMMON_ALPHA_STABLE_SOURCE,False,fixed_alpha_half,24,8,DISCOVERY_TANGENT_SUPPORTED,0.5142412966269888,0.4936654559817864,0.4878542677694034,0.4907598618755949,0.5116899490940918,0.011841343528987885,0.04673767551630601,0.04176394496050528,0.004973730555800819,False
output_head_projection_stage15_w6,71,output_head_projection,15,6,1.0,E1-D0_COMMON_ALPHA_STABLE_SOURCE,False,fixed_alpha,24,8,DISCOVERY_TANGENT_SUPPORTED,0.5208319717454784,0.48873236350110694,0.5017817855753468,0.49525707453822687,0.48927307099144046,0.02635030935737544,0.050350508431832704,-0.012156209260834324,0.06250671769266702,False
output_head_projection_stage15_w6,71,output_head_projection,15,6,1.0,E1-D0_COMMON_ALPHA_STABLE_SOURCE,False,fixed_alpha_half,24,8,DISCOVERY_TANGENT_SUPPORTED,0.5208895816854754,0.4887427313442849,0.5017672621955549,0.4952549967699199,0.4892851541074644,0.026300151802698398,0.050465309030522675,-0.012127318166295224,0.06259262719681784,False
output_head_projection_stage15_w8,70,output_head_projection,15,8,1.0,E1-D0_COMMON_ALPHA_STABLE_SOURCE,False,fixed_alpha,24,8,DISCOVERY_TANGENT_SUPPORTED,0.477638786690771,0.48470689129481737,0.49345435688900974,0.48908062409191355,0.47910625360414105,0.01788600562279273,-0.023672580882998888,-0.02060495470811617,-0.0030676261748827263,False
output_head_projection_stage15_w8,70,output_head_projection,15,8,1.0,E1-D0_COMMON_ALPHA_STABLE_SOURCE,False,fixed_alpha_half,24,8,DISCOVERY_TANGENT_SUPPORTED,0.4776422360018591,0.4847052085637486,0.4934639756886056,0.4890845921261771,0.4791091756486597,0.017908969870331654,-0.023673472538814282,-0.02060696899680553,-0.003066503542008806,False
output_head_projection_stage4_w4,66,output_head_projection,4,4,0.015625,E1-D0R_ROBUST_ALPHA,False,fixed_alpha,24,8,DISCOVERY_TANGENT_SUPPORTED,83.76974430074601,23.673216106595913,7.215379796220267,15.444297951408089,33.686143023589,1.1881294563378553,1.6908320251757087,0.7798466959655611,0.9109853292101474,False
output_head_projection_stage4_w4,66,output_head_projection,4,4,0.015625,E1-D0R_ROBUST_ALPHA,False,fixed_alpha_half,24,8,DISCOVERY_TANGENT_SUPPORTED,71.82975991531542,23.188281429840046,7.224038915282881,15.206160172561464,32.533345232255904,1.1662328372339874,1.552598253418515,0.7605649502351205,0.7920333031833945,False
output_head_projection_stage4_w6,65,output_head_projection,4,6,0.0625,E1-D0R_ROBUST_ALPHA,False,fixed_alpha,24,8,DISCOVERY_TANGENT_SUPPORTED,5.77164886926076,5.198131371417269,6.764783386734831,5.98145737907605,23.40328590006043,0.26343103205631796,-0.035706441546162544,1.3642121884388134,-1.3999186299849757,False
output_head_projection_stage4_w6,65,output_head_projection,4,6,0.0625,E1-D0R_ROBUST_ALPHA,False,fixed_alpha_half,24,8,DISCOVERY_TANGENT_SUPPORTED,5.765998447062126,5.217175708466574,6.760040502749225,5.9886081056079,23.003480089173028,0.25907267811268414,-0.037880685554401744,1.3457864972642744,-1.383667182818676,False
output_head_projection_stage4_w8,64,output_head_projection,4,8,1.0,E1-D0_COMMON_ALPHA_STABLE_SOURCE,False,fixed_alpha,23,8,DISCOVERY_TANGENT_SUPPORTED,16.31347827705606,7.262287582617774,4.831673015649406,6.04698029913359,4.457500136266582,0.40750208548909767,0.9924326309632938,-0.3049709220033585,1.2974035529666523,False
output_head_projection_stage4_w8,64,output_head_projection,4,8,1.0,E1-D0_COMMON_ALPHA_STABLE_SOURCE,False,fixed_alpha_half,23,8,DISCOVERY_TANGENT_SUPPORTED,16.375656870288715,7.213752587039865,4.756370954224199,5.985061770632032,4.470504855188507,0.4165043127787812,1.0065292350685828,-0.29176531462119476,1.2982945496897775,False
qkv_all_blocks_stage10_w4,78,qkv_all_blocks,10,4,0.125,E1-D0R_ROBUST_ALPHA,False,fixed_alpha,23,8,DISCOVERY_TANGENT_SUPPORTED,14.316713995033467,1.2368169000918114,1.3026036429233379,1.2697102715075745,1.2704568035320165,0.05182400065481253,2.4226389238066672,0.0005877818457460954,2.4220511419609214,False
qkv_all_blocks_stage10_w4,78,qkv_all_blocks,10,4,0.125,E1-D0R_ROBUST_ALPHA,False,fixed_alpha_half,23,8,DISCOVERY_TANGENT_SUPPORTED,14.442758300677658,1.235518163672964,1.30065038459613,1.268084274134547,1.2706006417006723,0.05137398739047872,2.432685817217788,0.0019824188299512047,2.4307033983878368,False
qkv_all_blocks_stage10_w6,77,qkv_all_blocks,10,6,0.25,E1-D0R_ROBUST_ALPHA,False,fixed_alpha,24,8,DISCOVERY_TANGENT_SUPPORTED,77.3448702614409,2.14171913013143,3.8809418551860815,3.0113304926587556,1.4176022363534215,0.5944690319865141,3.2458922510504813,-0.7534151268055003,3.9993073778559816,False
qkv_all_blocks_stage10_w6,77,qkv_all_blocks,10,6,0.25,E1-D0R_ROBUST_ALPHA,False,fixed_alpha_half,24,8,DISCOVERY_TANGENT_SUPPORTED,79.53620574717598,2.1391630913412847,3.774503045421793,2.956833068381539,1.4171269581840826,0.5678540567083191,3.292093549948514,-0.7354872330886427,4.027580783037156,False
qkv_all_blocks_stage10_w8,76,qkv_all_blocks,10,8,1.0,E1-D0_COMMON_ALPHA_STABLE_SOURCE,False,fixed_alpha,23,8,DISCOVERY_TANGENT_SUPPORTED,6.598955988739626,1.186072874131003,1.241407832986687,1.213740353558845,1.1954186459741465,0.04559834078605237,1.693204660038252,-0.015210337566605288,1.7084149976048573,False
qkv_all_blocks_stage10_w8,76,qkv_all_blocks,10,8,1.0,E1-D0_COMMON_ALPHA_STABLE_SOURCE,False,fixed_alpha_half,23,8,DISCOVERY_TANGENT_SUPPORTED,6.609328068942709,1.1860453358318797,1.241320201465231,1.2136827686485554,1.1958344958470613,0.0455509661768038,1.6948226473248018,-0.014815083102458864,1.7096377304272607,False
qkv_all_blocks_stage15_w4,81,qkv_all_blocks,15,4,1.0,E1-D0_COMMON_ALPHA_STABLE_SOURCE,False,fixed_alpha,23,8,DISCOVERY_TANGENT_SUPPORTED,1.4346840892801245,0.4814075731466503,0.5069625728399929,0.4941850729933216,0.5049966601203217,0.05172292330734503,1.0657898684005949,0.02164172691622995,1.0441481414843647,False
qkv_all_blocks_stage15_w4,81,qkv_all_blocks,15,4,1.0,E1-D0_COMMON_ALPHA_STABLE_SOURCE,False,fixed_alpha_half,23,8,DISCOVERY_TANGENT_SUPPORTED,1.429233847099064,0.48161355775729714,0.507346192081914,0.49447987491960554,0.5048554964036347,0.05205155010391064,1.0613873560202594,0.020765790194888962,1.0406215658253701,False
qkv_all_blocks_stage15_w6,80,qkv_all_blocks,15,6,1.0,E1-D0_COMMON_ALPHA_STABLE_SOURCE,False,fixed_alpha,24,8,DISCOVERY_TANGENT_SUPPORTED,1.840071809149572,0.5046734045680605,0.4964530642957567,0.5005632344319086,0.4970779998061962,0.016422550555605143,1.301825943257206,-0.006986978253437435,1.3088129215106432,False
qkv_all_blocks_stage15_w6,80,qkv_all_blocks,15,6,1.0,E1-D0_COMMON_ALPHA_STABLE_SOURCE,False,fixed_alpha_half,24,8,DISCOVERY_TANGENT_SUPPORTED,1.8556480699731515,0.5047276182038104,0.4964617753590636,0.500594696781437,0.4970899386681225,0.016512421547432474,1.3101924926782145,-0.007025812377189471,1.317218305055404,False
qkv_all_blocks_stage15_w8,79,qkv_all_blocks,15,8,1.0,E1-D0_COMMON_ALPHA_STABLE_SOURCE,False,fixed_alpha,24,8,DISCOVERY_TANGENT_SUPPORTED,1.0583919680788443,0.49495889041144425,0.4958005604092321,0.49537972541033815,0.5104686095836702,0.0016990404675202573,0.7591814335110864,0.03000455564003844,0.729176877871048,False
qkv_all_blocks_stage15_w8,79,qkv_all_blocks,15,8,1.0,E1-D0_COMMON_ALPHA_STABLE_SOURCE,False,fixed_alpha_half,24,8,DISCOVERY_TANGENT_SUPPORTED,1.0584036059416784,0.4949594648779407,0.49579814825305885,0.49537880656549976,0.5104745062116713,0.0016930146472337215,0.7591942840783,0.03001796180613157,0.7291763222721682,False
qkv_all_blocks_stage4_w4,75,qkv_all_blocks,4,4,0.0625,E1-D0T_FIXED_TANGENT_ALPHA,False,fixed_alpha,23,8,DISCOVERY_TANGENT_SUPPORTED,5.3172134323474864,9.498811970630223,7.486852998695977,8.4928324846631,2.9886534808860667,0.2380181862139414,-0.46827319545837665,-1.0443996255454986,0.5761264300871219,False
qkv_all_blocks_stage4_w4,75,qkv_all_blocks,4,4,0.0625,E1-D0T_FIXED_TANGENT_ALPHA,False,fixed_alpha_half,23,8,DISCOVERY_TANGENT_SUPPORTED,5.318340133394865,9.513321100643216,7.480643376678513,8.496982238660864,2.988390245628249,0.24037423632043878,-0.46854982004325324,-1.0449762066763253,0.576426386633072,False
qkv_all_blocks_stage4_w6,74,qkv_all_blocks,4,6,0.125,E1-D0R_ROBUST_ALPHA,False,fixed_alpha,24,8,DISCOVERY_TANGENT_SUPPORTED,29.620795260725583,34.94810421565712,16.356169733256106,25.65213697445661,3.977016264343803,0.7592590445728111,0.1438497762638027,-1.86409502517242,2.0079448014362224,False
qkv_all_blocks_stage4_w6,74,qkv_all_blocks,4,6,0.125,E1-D0R_ROBUST_ALPHA,False,fixed_alpha_half,24,8,DISCOVERY_TANGENT_SUPPORTED,28.191009373516287,33.45959233126562,16.07093869399632,24.765265512630968,3.972033459756045,0.7333259208585786,0.1295610233012448,-1.830163917214248,1.959724940515493,False
qkv_all_blocks_stage4_w8,73,qkv_all_blocks,4,8,1.0,E1-D0_COMMON_ALPHA_STABLE_SOURCE,False,fixed_alpha,23,8,DISCOVERY_TANGENT_SUPPORTED,7.578206396218149,11.176391106611254,5.679077128225786,8.42773411741852,3.9710178964276612,0.6770148744581177,-0.1062513994500919,-0.7525054889944331,0.6462540895443413,False
qkv_all_blocks_stage4_w8,73,qkv_all_blocks,4,8,1.0,E1-D0_COMMON_ALPHA_STABLE_SOURCE,False,fixed_alpha_half,23,8,DISCOVERY_TANGENT_SUPPORTED,7.59007315056549,11.115767565665784,5.6770502484095555,8.39640890703767,3.974407537346609,0.6719328263965759,-0.10096287425665498,-0.7479284135841587,0.6469655393275038,False
