summary_type,group_name,stage_index,weight_bits,cell_count,median,mean,interquartile_range,interdecile_range,positive_cell_count,negative_cell_count,tangent_supported_cell_count,high_curvature_cell_count
group,adaln_conditioning_all_blocks,,,9,1.653116392415031,1.8961405824186524,1.8811133682940884,3.0397075596105996,9,0,9,5
group,adaln_modulation_projection_all_blocks,,,9,1.5791657459659747,1.6218109878809095,1.0609799808530818,2.5900765854311443,9,0,9,5
group,attention_output_all_blocks,,,9,1.615941823279467,1.62452803376829,1.6346683862305988,2.4923107204484722,8,1,9,5
group,input_patch_projection,,,9,0.3299755541493787,0.24044226518352582,0.46825611968857106,0.8038097931997502,6,3,9,6
group,mlp_down_all_blocks,,,9,2.003632618612248,1.767391720753883,0.962824518090087,1.7126976485710532,8,1,9,3
group,mlp_up_gate_all_blocks,,,9,1.530339024235577,1.7644595889417365,1.3322604557504185,3.0900602495048144,8,1,9,6
group,output_conditioning_projection,,,9,0.0997623546969838,-0.018815363760097594,0.49526846271238095,1.9557005015996054,5,4,9,3
group,output_head_projection,,,9,0.06250671769266702,0.1352016622427503,0.40746532993002466,1.5688100629441886,6,3,9,6
group,qkv_all_blocks,,,9,1.3088129215106432,1.6046929754839445,1.2787679235651743,2.105273831487036,9,0,9,8
stage,,10.0,,27,2.4220511419609214,2.14317691933565,1.9942246447239986,3.123169236145815,26,1,27,18
stage,,15.0,,27,1.0441481414843647,0.8528869465420954,1.4767971913690923,1.643623954339857,22,5,27,5
stage,,4.0,,27,0.5130902912640759,0.549220285093453,1.0418427364579625,2.7058096312583437,20,7,27,24
bitwidth,,,4.0,27,1.027444745954625,1.219961118308878,1.591855256141038,2.890200475539288,25,2,27,19
bitwidth,,,6.0,27,1.452359485127441,1.4003257609040498,1.7234292563025932,3.302949713597989,22,5,27,15
bitwidth,,,8.0,27,0.7223376522611079,0.9249972717582706,0.964728696145572,2.517250773922249,21,6,27,13
group_x_stage,adaln_conditioning_all_blocks,10.0,,3,3.4532258710437262,3.3023543618169016,0.3383171007773651,0.541307361243784,3,0,3,2
group_x_stage,adaln_conditioning_all_blocks,15.0,,3,1.6204345837526204,1.427013038099896,0.32281412714149726,0.5165026034263955,3,0,3,0
group_x_stage,adaln_conditioning_all_blocks,4.0,,3,0.5035785198018933,0.9590543473391596,1.0215049462126036,1.6344079139401657,3,0,3,3
group_x_stage,adaln_modulation_projection_all_blocks,10.0,,3,3.018085902588988,2.732330089922923,0.4836630621076652,0.7738608993722642,3,0,3,2
group_x_stage,adaln_modulation_projection_all_blocks,15.0,,3,1.3257436093373414,1.131695331585661,0.5444945532561539,0.8711912852098461,3,0,3,1
group_x_stage,adaln_modulation_projection_all_blocks,4.0,,3,1.0448091406291435,1.0014075421341448,0.7453373718035247,1.1925397948856395,3,0,3,2
group_x_stage,attention_output_all_blocks,10.0,,3,2.913804761294717,2.9632306343453916,0.32583043868550465,0.5213287018968078,3,0,3,1
group_x_stage,attention_output_all_blocks,15.0,,3,1.615941823279467,1.318934132033663,0.44809263414965317,0.7169482146394452,3,0,3,1
group_x_stage,attention_output_all_blocks,4.0,,3,1.027444745954625,0.5914193349258149,0.7553177859631008,1.2085084575409613,2,1,3,3
group_x_stage,input_patch_projection,10.0,,3,0.4458176018834481,0.6635875423216838,0.4419176439916077,0.7070682303865724,3,0,3,3
group_x_stage,input_patch_projection,15.0,,3,-0.022438517805122977,-0.014265329161810591,0.02113265170201959,0.03381224272323135,1,2,3,0
group_x_stage,input_patch_projection,4.0,,3,0.3299755541493787,0.07200458239070427,0.5700711947527088,0.9121139116043342,2,1,3,3
group_x_stage,mlp_down_all_blocks,10.0,,3,2.5832755963135345,2.4926923290822613,0.1818540032952436,0.2909664052723899,3,0,3,0
group_x_stage,mlp_down_all_blocks,15.0,,3,1.452359485127441,1.3539487640211865,0.1919725895890807,0.30715614334252916,3,0,3,1
group_x_stage,mlp_down_all_blocks,4.0,,3,2.003632618612248,1.4555340691582008,1.2336992087863512,1.9739187340581617,2,1,3,2
group_x_stage,mlp_up_gate_all_blocks,10.0,,3,2.87733811203108,3.5154794853510922,1.4507707078450984,2.3212331325521576,3,0,3,3
group_x_stage,mlp_up_gate_all_blocks,15.0,,3,1.530339024235577,1.4042996894287088,0.2897610136096931,0.46361762177550925,3,0,3,0
group_x_stage,mlp_up_gate_all_blocks,4.0,,3,0.4305357541338829,0.3735995920454087,0.7229024470802582,1.1566439153284132,2,1,3,3
group_x_stage,output_conditioning_projection,10.0,,3,0.8347590524392958,0.7942831054792535,0.33463718999717873,0.5354195039954859,3,0,3,1
group_x_stage,output_conditioning_projection,15.0,,3,-0.0271831445487162,0.005572896479313483,0.07781143770365548,0.12449830032584877,1,2,3,0
group_x_stage,output_conditioning_projection,4.0,,3,-0.8105522014292524,-0.8563020932388598,1.2093981313837583,1.9350370102140135,1,2,3,2
group_x_stage,output_head_projection,10.0,,3,0.3154296596592976,0.11471021989408604,0.3900472037436617,0.6240755259898587,2,1,3,3
group_x_stage,output_head_projection,15.0,,3,0.004774956792886178,0.021404682770223494,0.032787171933774874,0.0524594750940398,2,1,3,0
group_x_stage,output_head_projection,4.0,,3,0.9109853292101474,0.2694900840639413,1.348661091475814,2.1578577463613025,2,1,3,3
group_x_stage,qkv_all_blocks,10.0,,3,2.4220511419609214,2.7099245058072534,1.1454461901255621,1.8327139042008995,3,0,3,3
group_x_stage,qkv_all_blocks,15.0,,3,1.0441481414843647,1.0273793136220186,0.28981802181979766,0.46370883491167625,3,0,3,2
group_x_stage,qkv_all_blocks,4.0,,3,0.6462540895443413,1.0767751070225617,0.7159091856745502,1.1454546970792805,3,0,3,3
group_x_bit,adaln_conditioning_all_blocks,,4.0,3,1.653116392415031,1.6817654728810165,1.1925114933121161,1.9080183892993854,3,0,3,1
group_x_bit,adaln_conditioning_all_blocks,,6.0,3,2.2082972073203964,2.464655833017957,0.9724005621141172,1.5558408993825874,3,0,3,2
group_x_bit,adaln_conditioning_all_blocks,,8.0,3,1.0074881381320366,1.5420004413569839,1.6439692780742683,2.6303508449188295,3,0,3,2
group_x_bit,adaln_modulation_projection_all_blocks,,4.0,3,1.5791657459659747,1.6288834542488837,1.4193729373072173,2.2709966996915476,3,0,3,3
group_x_bit,adaln_modulation_projection_all_blocks,,6.0,3,1.72504411469017,2.022957875538833,0.8461711466258235,1.3538738346013173,3,0,3,1
group_x_bit,adaln_modulation_projection_all_blocks,,8.0,3,1.0448091406291435,1.213591633855012,0.8078062410142791,1.2924899856228467,3,0,3,1
group_x_bit,attention_output_all_blocks,,4.0,3,1.6185229205604144,1.8532574759365854,0.9431800076700458,1.5090880122720738,3,0,3,3
group_x_bit,attention_output_all_blocks,,6.0,3,1.615941823279467,2.019480082736737,1.0925247970908616,1.7480396753453784,3,0,3,1
group_x_bit,attention_output_all_blocks,,8.0,3,0.7223376522611079,1.000846542631547,1.5220121443684573,2.435219430989532,2,1,3,1
group_x_bit,input_patch_projection,,4.0,3,0.010953916861865193,-0.0951811042767609,0.47880348339526785,0.7660855734324286,2,1,3,2
group_x_bit,input_patch_projection,,6.0,3,0.3299755541493787,0.5073090642922217,0.6184143371687661,0.989462939470026,2,1,3,2
group_x_bit,input_patch_projection,,8.0,3,0.4458176018834481,0.3091988355351167,0.27220083890312496,0.43552134224499994,2,1,3,2
group_x_bit,mlp_down_all_blocks,,4.0,3,2.2655466921713807,2.059148896148683,0.45923400508019396,0.7347744081283105,3,0,3,1
group_x_bit,mlp_down_all_blocks,,6.0,3,2.003632618612248,2.0284156008338523,0.5884476068172138,0.9415161709075415,3,0,3,1
group_x_bit,mlp_down_all_blocks,,8.0,3,1.1127708138789782,1.2146106652791129,1.3177450053343542,2.1083920085349668,2,1,3,1
group_x_bit,mlp_up_gate_all_blocks,,4.0,3,1.6310410356349678,2.4489658898750157,2.4273925628611566,3.8838281005778508,3,0,3,2
group_x_bit,mlp_up_gate_all_blocks,,6.0,3,1.530339024235577,1.8252370314493624,0.9046520769748252,1.4474433231597204,3,0,3,2
group_x_bit,mlp_up_gate_all_blocks,,8.0,3,1.0515190084155814,1.0191758455008315,1.3807752001225433,2.209240320196069,2,1,3,2
group_x_bit,output_conditioning_projection,,4.0,3,0.0997623546969838,-0.3846845877970475,1.461667111483359,2.3386673783733745,2,1,3,2
group_x_bit,output_conditioning_projection,,6.0,3,-0.0271831445487162,-0.13277580132530495,0.6249800717156531,0.999968114745045,1,2,3,1
group_x_bit,output_conditioning_projection,,8.0,3,0.3302210922400948,0.46101429784205966,0.5822714213533692,0.9316342741653907,2,1,3,0
group_x_bit,output_head_projection,,4.0,3,0.40439770375514195,0.44005266325272513,0.4531051862086306,0.724968297933809,3,0,3,2
group_x_bit,output_head_projection,,6.0,3,-0.3756967037321814,-0.5710362053414967,0.7312126738388214,1.1699402781421142,1,2,3,2
group_x_bit,output_head_projection,,8.0,3,0.3154296596592976,0.5365885288170223,0.6502355895707675,1.0403769433132282,2,1,3,2
group_x_bit,qkv_all_blocks,,4.0,3,1.0441481414843647,1.3474419045108028,0.9229623559368998,1.4767397694990394,3,0,3,3
group_x_bit,qkv_all_blocks,,6.0,3,2.0079448014362224,2.4386883669342825,1.3452472281726688,2.1523955650762705,3,0,3,3
group_x_bit,qkv_all_blocks,,8.0,3,0.729176877871048,1.027948655006749,0.531080454030258,0.8497287264484127,3,0,3,2
stage_x_bit,,10.0,4.0,9,2.4220511419609214,2.268683539127837,2.0790457088554213,3.1259272358153316,9,0,9,7
stage_x_bit,,10.0,6.0,9,2.87733811203108,2.2978996892863655,2.0993838530238245,3.3756630291006733,8,1,9,6
stage_x_bit,,10.0,8.0,9,2.1057891214822253,1.8629475295927473,1.4745932743171233,2.4005956665183064,9,0,9,5
stage_x_bit,,15.0,4.0,9,1.4967159930571399,1.0153557174966255,1.5187605658634307,1.6257379821429112,9,0,9,4
stage_x_bit,,15.0,6.0,9,1.3257436093373414,0.9851685002868797,1.46783230654291,1.6402278185279393,7,2,9,1
stage_x_bit,,15.0,8.0,9,0.7223376522611079,0.5581366218427816,1.0105557643069194,1.0999905828840655,6,3,9,0
stage_x_bit,,4.0,4.0,9,0.5035785198018933,0.3758440983021728,0.6766159581270266,2.2243493101057634,7,2,9,8
stage_x_bit,,4.0,6.0,9,1.1287244153745106,0.9179090931389031,1.6736570644628694,2.9764407697534545,7,2,9,8
stage_x_bit,,4.0,8.0,9,0.3302210922400948,0.35390766383928285,0.6984685038995152,1.4739270032702527,6,3,9,8
