family,set_id,cell_id,candidate_count,saving_bits,packed_bits
primary,primary_a8226b7ab73c,adaln_conditioning_all_blocks_stage4_w8,3,363331584,363331584
primary,primary_a8226b7ab73c,adaln_conditioning_all_blocks_stage10_w8,3,363331584,363331584
primary,primary_a8226b7ab73c,adaln_conditioning_all_blocks_stage15_w8,3,363331584,363331584
primary,primary_da06c09aa41a,adaln_conditioning_all_blocks_stage4_w6,3,454164480,272498688
primary,primary_da06c09aa41a,adaln_conditioning_all_blocks_stage10_w6,3,454164480,272498688
primary,primary_da06c09aa41a,adaln_conditioning_all_blocks_stage15_w6,3,454164480,272498688
primary,primary_ec9365fcc9ef,adaln_conditioning_all_blocks_stage4_w4,3,544997376,181665792
primary,primary_ec9365fcc9ef,adaln_conditioning_all_blocks_stage10_w4,3,544997376,181665792
primary,primary_ec9365fcc9ef,adaln_conditioning_all_blocks_stage15_w4,3,544997376,181665792
primary,primary_98d1f6d8741d,adaln_modulation_projection_all_blocks_stage4_w8,3,1783627776,1783627776
primary,primary_98d1f6d8741d,adaln_modulation_projection_all_blocks_stage10_w8,3,1783627776,1783627776
primary,primary_98d1f6d8741d,adaln_modulation_projection_all_blocks_stage15_w8,3,1783627776,1783627776
primary,primary_5e743138a0d1,adaln_modulation_projection_all_blocks_stage4_w6,3,2229534720,1337720832
primary,primary_5e743138a0d1,adaln_modulation_projection_all_blocks_stage10_w6,3,2229534720,1337720832
primary,primary_5e743138a0d1,adaln_modulation_projection_all_blocks_stage15_w6,3,2229534720,1337720832
primary,primary_9688e435275c,adaln_modulation_projection_all_blocks_stage4_w4,3,2675441664,891813888
primary,primary_9688e435275c,adaln_modulation_projection_all_blocks_stage10_w4,3,2675441664,891813888
primary,primary_9688e435275c,adaln_modulation_projection_all_blocks_stage15_w4,3,2675441664,891813888
primary,primary_903cdd7eae0a,attention_output_all_blocks_stage4_w8,3,297271296,297271296
primary,primary_903cdd7eae0a,attention_output_all_blocks_stage10_w8,3,297271296,297271296
primary,primary_903cdd7eae0a,attention_output_all_blocks_stage15_w8,3,297271296,297271296
primary,primary_52112c337d08,attention_output_all_blocks_stage4_w6,3,371589120,222953472
primary,primary_52112c337d08,attention_output_all_blocks_stage10_w6,3,371589120,222953472
primary,primary_52112c337d08,attention_output_all_blocks_stage15_w6,3,371589120,222953472
primary,primary_494f26df6416,attention_output_all_blocks_stage4_w4,3,445906944,148635648
primary,primary_494f26df6416,attention_output_all_blocks_stage10_w4,3,445906944,148635648
primary,primary_494f26df6416,attention_output_all_blocks_stage15_w4,3,445906944,148635648
primary,primary_e3ec35ff3518,input_patch_projection_stage4_w8,3,147456,147456
primary,primary_e3ec35ff3518,input_patch_projection_stage10_w8,3,147456,147456
primary,primary_e3ec35ff3518,input_patch_projection_stage15_w8,3,147456,147456
primary,primary_6c830b5fb730,input_patch_projection_stage4_w6,3,184320,110592
primary,primary_6c830b5fb730,input_patch_projection_stage10_w6,3,184320,110592
primary,primary_6c830b5fb730,input_patch_projection_stage15_w6,3,184320,110592
primary,primary_39fca70e9e59,input_patch_projection_stage4_w4,3,221184,73728
primary,primary_39fca70e9e59,input_patch_projection_stage10_w4,3,221184,73728
primary,primary_39fca70e9e59,input_patch_projection_stage15_w4,3,221184,73728
primary,primary_5303e1fccdc7,mlp_down_all_blocks_stage4_w8,3,1189085184,1189085184
primary,primary_5303e1fccdc7,mlp_down_all_blocks_stage10_w8,3,1189085184,1189085184
primary,primary_5303e1fccdc7,mlp_down_all_blocks_stage15_w8,3,1189085184,1189085184
primary,primary_f948566cda47,mlp_down_all_blocks_stage4_w6,3,1486356480,891813888
primary,primary_f948566cda47,mlp_down_all_blocks_stage10_w6,3,1486356480,891813888
primary,primary_f948566cda47,mlp_down_all_blocks_stage15_w6,3,1486356480,891813888
primary,primary_abefa8b91ecd,mlp_down_all_blocks_stage4_w4,3,1783627776,594542592
primary,primary_abefa8b91ecd,mlp_down_all_blocks_stage10_w4,3,1783627776,594542592
primary,primary_abefa8b91ecd,mlp_down_all_blocks_stage15_w4,3,1783627776,594542592
primary,primary_019d7c31a48b,mlp_up_gate_all_blocks_stage4_w8,3,1189085184,1189085184
primary,primary_019d7c31a48b,mlp_up_gate_all_blocks_stage10_w8,3,1189085184,1189085184
primary,primary_019d7c31a48b,mlp_up_gate_all_blocks_stage15_w8,3,1189085184,1189085184
primary,primary_d82bcfdaeedc,mlp_up_gate_all_blocks_stage4_w6,3,1486356480,891813888
primary,primary_d82bcfdaeedc,mlp_up_gate_all_blocks_stage10_w6,3,1486356480,891813888
primary,primary_d82bcfdaeedc,mlp_up_gate_all_blocks_stage15_w6,3,1486356480,891813888
primary,primary_d0adb13a6bdf,mlp_up_gate_all_blocks_stage4_w4,3,1783627776,594542592
primary,primary_d0adb13a6bdf,mlp_up_gate_all_blocks_stage10_w4,3,1783627776,594542592
primary,primary_d0adb13a6bdf,mlp_up_gate_all_blocks_stage15_w4,3,1783627776,594542592
primary,primary_8bc97f489508,output_conditioning_projection_stage4_w8,3,21233664,21233664
primary,primary_8bc97f489508,output_conditioning_projection_stage10_w8,3,21233664,21233664
primary,primary_8bc97f489508,output_conditioning_projection_stage15_w8,3,21233664,21233664
primary,primary_705fa28644fa,output_conditioning_projection_stage4_w6,3,26542080,15925248
primary,primary_705fa28644fa,output_conditioning_projection_stage10_w6,3,26542080,15925248
primary,primary_705fa28644fa,output_conditioning_projection_stage15_w6,3,26542080,15925248
primary,primary_58a05bddec17,output_conditioning_projection_stage4_w4,3,31850496,10616832
primary,primary_58a05bddec17,output_conditioning_projection_stage10_w4,3,31850496,10616832
primary,primary_58a05bddec17,output_conditioning_projection_stage15_w4,3,31850496,10616832
primary,primary_8748e8c257a6,output_head_projection_stage4_w8,3,294912,294912
primary,primary_8748e8c257a6,output_head_projection_stage10_w8,3,294912,294912
primary,primary_8748e8c257a6,output_head_projection_stage15_w8,3,294912,294912
primary,primary_f52ef9bf6b5e,output_head_projection_stage4_w6,3,368640,221184
primary,primary_f52ef9bf6b5e,output_head_projection_stage10_w6,3,368640,221184
primary,primary_f52ef9bf6b5e,output_head_projection_stage15_w6,3,368640,221184
primary,primary_78aa853a8dcb,output_head_projection_stage4_w4,3,442368,147456
primary,primary_78aa853a8dcb,output_head_projection_stage10_w4,3,442368,147456
primary,primary_78aa853a8dcb,output_head_projection_stage15_w4,3,442368,147456
primary,primary_459b032d584a,qkv_all_blocks_stage4_w8,3,891813888,891813888
primary,primary_459b032d584a,qkv_all_blocks_stage10_w8,3,891813888,891813888
primary,primary_459b032d584a,qkv_all_blocks_stage15_w8,3,891813888,891813888
primary,primary_c3b87c54a36d,qkv_all_blocks_stage4_w6,3,1114767360,668860416
primary,primary_c3b87c54a36d,qkv_all_blocks_stage10_w6,3,1114767360,668860416
primary,primary_c3b87c54a36d,qkv_all_blocks_stage15_w6,3,1114767360,668860416
primary,primary_59152023723c,qkv_all_blocks_stage4_w4,3,1337720832,445906944
primary,primary_59152023723c,qkv_all_blocks_stage10_w4,3,1337720832,445906944
primary,primary_59152023723c,qkv_all_blocks_stage15_w4,3,1337720832,445906944
